{
"type": "FeatureCollection",
"name": "buffer100m estudios tramitacion Euskadi",
"crs": { "type": "name", "properties": { "name": "urn:ogc:def:crs:EPSG::25830" } },
"features": [
{ "type": "Feature", "properties": { "fid": 10.0 }, "geometry": { "type": "MultiPolygon", "coordinates": [ [ [ [ 507579.535751323681325, 4785920.846828532405198 ], [ 507582.266670385259204, 4785918.118084861896932 ], [ 507584.994982159289066, 4785915.392627140507102 ], [ 507587.720801840536296, 4785912.670565465465188 ], [ 507590.444246177270543, 4785909.952007654123008 ], [ 507593.165418876742478, 4785907.237073798663914 ], [ 507595.884437828382943, 4785904.525869108736515 ], [ 507598.601409603550564, 4785901.818509349599481 ], [ 507601.316446301585529, 4785899.115104040130973 ], [ 507604.029655835882295, 4785896.415766135789454 ], [ 507606.741151280933991, 4785893.720602721907198 ], [ 507609.451037400925998, 4785891.029728415422142 ], [ 507612.159424158860929, 4785888.343251928687096 ], [ 507614.866419636644423, 4785885.661283116787672 ], [ 507617.572130112966988, 4785882.983932883478701 ], [ 507620.276662777352612, 4785880.311310501769185 ], [ 507622.980122278386261, 4785877.643527020700276 ], [ 507625.682615659199655, 4785874.980690392665565 ], [ 507628.384246577217709, 4785872.322911181487143 ], [ 507631.085119073628448, 4785869.670298834331334 ], [ 507633.785337680776138, 4785867.022961589507759 ], [ 507636.485004474758171, 4785864.381009361706674 ], [ 507639.18422115012072, 4785861.7445517051965 ], [ 507641.883089818293229, 4785859.113697038032115 ], [ 507644.581711537204683, 4785856.488554076291621 ], [ 507647.280185263836756, 4785853.869232845492661 ], [ 507649.978611293016002, 4785851.255841344594955 ], [ 507652.677087691437919, 4785848.648488995619118 ], [ 507655.375713257526513, 4785846.047283791005611 ], [ 507657.074261392117478, 4785844.414139893837273 ], [ 507780.105718781822361, 4785732.81151333078742 ], [ 507908.195151075604372, 4785629.247622636146843 ], [ 508041.958062172401696, 4785533.123402297496796 ], [ 508180.962893527350388, 4785444.748977361246943 ], [ 508325.973718691268004, 4785363.732026366516948 ], [ 508328.063266204553656, 4785362.642982652410865 ], [ 508331.389258913346566, 4785360.914798414334655 ], [ 508334.72103047335986, 4785359.188715785741806 ], [ 508338.058508791786153, 4785357.464607330970466 ], [ 508341.401624103193171, 4785355.74234383367002 ], [ 508344.750302964006551, 4785354.021797372028232 ], [ 508348.104474932595622, 4785352.302837897092104 ], [ 508351.464068391069304, 4785350.585335369221866 ], [ 508354.829011708498001, 4785348.869159170426428 ], [ 508358.199236109037884, 4785347.154176637530327 ], [ 508361.574667895620223, 4785345.440257027745247 ], [ 508364.955240004812367, 4785343.727265635505319 ], [ 508368.340879670751747, 4785342.015070075169206 ], [ 508371.731516151048709, 4785340.303536336869001 ], [ 508375.127080364560243, 4785338.592528996057808 ], [ 508378.527501545671839, 4785336.881912893615663 ], [ 508381.932710771681741, 4785335.171551357954741 ], [ 508385.342635432083625, 4785333.461308987811208 ], [ 508388.75720583909424, 4785331.751048331148922 ], [ 508392.176354119146708, 4785330.040630448609591 ], [ 508395.600008673849516, 4785328.329917683266103 ], [ 508399.028098822571337, 4785326.618771335110068 ], [ 508402.460552971460856, 4785324.907052580267191 ], [ 508405.89730602473719, 4785323.194618768058717 ], [ 508409.338279115210753, 4785321.481333541683853 ], [ 508412.783411393174902, 4785319.767050979658961 ], [ 508416.232622002833523, 4785318.051634538918734 ], [ 508419.685849411122035, 4785316.334937484003603 ], [ 508423.143016683694441, 4785314.616820165887475 ], [ 508426.604056705895346, 4785312.897137461230159 ], [ 508430.068575963727199, 4785311.175905835814774 ], [ 508708.140596496174112, 4785173.027439152821898 ], [ 508711.755561514757574, 4785171.231299479492009 ], [ 508715.38947249535704, 4785169.424571068957448 ], [ 508719.045735655643512, 4785167.604367614723742 ], [ 508722.723863923922181, 4785165.769714460708201 ], [ 508722.81695656478405, 4785165.723218417726457 ], [ 508726.423358666477725, 4785163.919620036147535 ], [ 508726.539656347420532, 4785163.861363798379898 ], [ 508730.143709305499215, 4785162.053076045587659 ], [ 508730.283166397188324, 4785161.982968932949007 ], [ 508733.884392334730364, 4785160.169057971797884 ], [ 508734.046953629294876, 4785160.086991395801306 ], [ 508737.644870288087986, 4785158.26652561686933 ], [ 508737.830471360241063, 4785158.172372898086905 ], [ 508741.424591377144679, 4785156.344423288479447 ], [ 508741.633157828357071, 4785156.23804004304111 ], [ 508745.222988017369062, 4785154.401680590584874 ], [ 508745.454435635765549, 4785154.282904651015997 ], [ 508749.039476270845626, 4785152.437212740071118 ], [ 508749.293710831087083, 4785152.305864262394607 ], [ 508752.873454936197959, 4785150.449921076186001 ], [ 508753.150371819501743, 4785150.305802735500038 ], [ 508756.724304462084547, 4785148.438693676143885 ], [ 508757.023788398248143, 4785148.281590811908245 ], [ 508760.591385988751426, 4785146.402405930683017 ], [ 508760.913310977455694, 4785146.232086594216526 ], [ 508764.474040575150866, 4785144.339921022765338 ], [ 508764.818269366049208, 4785144.15613626409322 ], [ 508768.371587991830893, 4785142.250090668909252 ], [ 508768.737971898226533, 4785142.05257464479655 ], [ 508772.283325853873976, 4785140.131755688227713 ], [ 508772.671704323147424, 4785139.920225913636386 ], [ 508776.208528519899119, 4785137.983746732585132 ], [ 508776.618728785892017, 4785137.757904289290309 ], [ 508780.146446081518661, 4785135.80488498788327 ], [ 508780.578283000038937, 4785135.564414636231959 ], [ 508784.096303544065449, 4785133.593982783146203 ], [ 508784.549578664882574, 4785133.338553506880999 ], [ 508788.057299255975522, 4785131.349844675511122 ], [ 508788.53180103842169, 4785131.079109598882496 ], [ 508792.028604491206352, 4785129.071267891675234 ], [ 508792.524107414938044, 4785128.784864818677306 ], [ 508796.009361939446535, 4785126.757043432444334 ], [ 508796.525626205606386, 4785126.454595068469644 ], [ 508799.99868479889119, 4785124.40595686994493 ], [ 508800.535455813340377, 4785124.087071179412305 ], [ 508803.995655664417427, 4785122.016789302229881 ], [ 508804.552663582086097, 4785121.681059836409986 ], [ 508807.999325491429772, 4785119.588318295776844 ], [ 508808.576284687791485, 4785119.235324584878981 ], [ 508812.008712502196431, 4785117.119318913668394 ], [ 508812.605321065988392, 4785116.748626851476729 ], [ 508816.022801129089203, 4785114.608564756810665 ], [ 508816.638740237511229, 4785114.219727080315351 ], [ 508820.040540858113673, 4785112.054829126223922 ], [ 508820.675474341260269, 4785111.647385792806745 ], [ 508824.060845279658679, 4785109.456886098720133 ], [ 508824.714418936579023, 4785109.030364837497473 ], [ 508828.082590909558348, 4785106.813511806540191 ], [ 508827.962963503028732, 4785106.631756104528904 ], [ 508831.128870043263305, 4785104.726912391372025 ], [ 508857.949370190268382, 4785085.618845328688622 ], [ 508863.184710922650993, 4785081.622658942826092 ], [ 508888.68922286957968, 4785060.790536502376199 ], [ 508893.650153704511467, 4785056.458393447101116 ], [ 508917.728043218841776, 4785033.992581831291318 ], [ 508922.393044483149424, 4785029.34327420592308 ], [ 508944.939865777792875, 4785005.341226282529533 ], [ 508949.288701491488609, 4785000.39492199011147 ], [ 508970.206650292617269, 4784974.960754557512701 ], [ 508974.220455944305286, 4784969.738909827545285 ], [ 508993.418793749820907, 4784942.982951976358891 ], [ 508997.080158134398516, 4784937.508218280039728 ], [ 509014.475605822110083, 4784909.546532802283764 ], [ 509017.768646564509254, 4784903.842658603563905 ], [ 509033.285745642730035, 4784874.796538531780243 ], [ 509036.19617809203919, 4784868.888266267254949 ], [ 509049.767618025653064, 4784838.883708727546036 ], [ 509052.282817221421283, 4784832.796667475253344 ], [ 509063.849727413500659, 4784801.963827132247388 ], [ 509065.958782849600539, 4784795.724421442486346 ], [ 509075.470988012326416, 4784764.197045910172164 ], [ 509076.472095434321091, 4784760.642964059486985 ], [ 509077.493507657782175, 4784756.742228631861508 ], [ 509077.688252785184886, 4784755.986481849104166 ], [ 509078.679191595176235, 4784752.077893156558275 ], [ 509078.861833266797476, 4784751.345914605073631 ], [ 509079.823257042386103, 4784747.429960706271231 ], [ 509079.994356090959627, 4784746.721934682689607 ], [ 509080.927230642875656, 4784742.799081024713814 ], [ 509081.087330534355715, 4784742.115178689360619 ], [ 509081.992628575826529, 4784738.18586880620569 ], [ 509082.142255128943361, 4784737.526248916983604 ], [ 509083.02095577592263, 4784733.590905139222741 ], [ 509083.160616912995465, 4784732.955714717507362 ], [ 509084.013705210236367, 4784729.014738896861672 ], [ 509084.143890728300903, 4784728.404113872908056 ], [ 509084.972357202263083, 4784724.457888112403452 ], [ 509085.093538567307405, 4784723.871953923255205 ], [ 509085.898378804151434, 4784719.920841311104596 ], [ 509086.011008937668521, 4784719.359713600948453 ], [ 509086.793223186337855, 4784715.404058967716992 ], [ 509086.897736311366316, 4784714.867844054475427 ], [ 509087.65832910919562, 4784710.907974719069898 ], [ 509087.755140574823599, 4784710.396770221181214 ], [ 509088.495120396080893, 4784706.432996754534543 ], [ 509088.58462652732851, 4784705.946892136707902 ], [ 509089.305005454050843, 4784701.9795091310516 ], [ 509089.387583429692313, 4784701.518586151301861 ], [ 509090.089376841613557, 4784697.547872988507152 ], [ 509090.165384560765233, 4784697.112206250429153 ], [ 509090.849610846664291, 4784693.138427879661322 ], [ 509090.919386819878127, 4784692.728085286915302 ], [ 509091.587067106040195, 4784688.751493014395237 ], [ 509091.65093036351027, 4784688.366536163724959 ], [ 509092.303088261454832, 4784684.387368426658213 ], [ 509092.361338262271602, 4784684.027853031642735 ], [ 509092.998999631032348, 4784680.046336188912392 ], [ 509093.05191616906086, 4784679.712312547490001 ], [ 509093.676108895277139, 4784675.728661682456732 ], [ 509093.723952044791076, 4784675.420174938626587 ], [ 509094.335705836303532, 4784671.434594645164907 ], [ 509094.378715878992807, 4784671.151685179211199 ], [ 509094.979062072059605, 4784667.164370364509523 ], [ 509095.017459445865825, 4784666.907074076123536 ], [ 509095.607430825184565, 4784662.918210755102336 ], [ 509095.641416068305261, 4784662.686559385620058 ], [ 509096.222046698501799, 4784658.696325489319861 ], [ 509096.251800409285352, 4784658.490346861071885 ], [ 509096.824125476879999, 4784654.49891304038465 ], [ 509096.849808278901037, 4784654.318631271831691 ], [ 509097.414863944111858, 4784650.326161694712937 ], [ 509097.436616446531843, 4784650.171597455628216 ], [ 509097.995439702353906, 4784646.178250626660883 ], [ 509098.013382475648541, 4784646.049421298317611 ], [ 509098.567011016304605, 4784642.055350859649479 ], [ 509098.581244575907476, 4784641.952270645648241 ], [ 509099.130716669140384, 4784637.957626181654632 ], [ 509099.68767580925487, 4784633.885234192013741 ], [ 509100.238987830292899, 4784629.838327129371464 ], [ 509100.78573224064894, 4784625.817052799277008 ], [ 509116.907671902619768, 4784507.20183031167835 ], [ 509117.794576651067473, 4784491.535095231607556 ], [ 509116.219744809146505, 4784475.922501187771559 ], [ 509112.221953963395208, 4784460.748482061550021 ], [ 509105.89964299229905, 4784446.386672562919557 ], [ 509097.408488174609374, 4784433.190708105452359 ], [ 509086.95756992243696, 4784421.485517129302025 ], [ 509074.804224527673796, 4784411.559320284053683 ], [ 509061.247707688715309, 4784403.656533478759229 ], [ 509046.621825841546524, 4784397.97174955252558 ], [ 509031.286716737784445, 4784394.644946752116084 ], [ 509015.619981657830067, 4784393.758042003959417 ], [ 509000.007387614343315, 4784395.332873845472932 ], [ 508984.833368487830739, 4784399.330664691515267 ], [ 508970.471558988967445, 4784405.652975662611425 ], [ 508957.275594531616662, 4784414.144130479544401 ], [ 508945.570403555699158, 4784424.595048732124269 ], [ 508935.644206710276194, 4784436.748394127003849 ], [ 508927.741419904923532, 4784450.304910966195166 ], [ 508922.05663597851526, 4784464.930792813189328 ], [ 508918.729833178163972, 4784480.265901916660368 ], [ 508902.608769413083792, 4784598.874680796638131 ], [ 508902.067577664915007, 4784602.855140470899642 ], [ 508901.528569120913744, 4784606.811831871978939 ], [ 508900.991026950010564, 4784610.742467157542706 ], [ 508900.453962272789795, 4784614.646910104900599 ], [ 508899.916406833333895, 4784618.525023555383086 ], [ 508899.377412782865576, 4784622.376671030186117 ], [ 508898.836053011764307, 4784626.20171438343823 ], [ 508898.291421110741794, 4784630.000014183111489 ], [ 508897.742631530971266, 4784633.771428692154586 ], [ 508897.188819717033766, 4784637.515813096426427 ], [ 508896.62914217764046, 4784641.233019217848778 ], [ 508896.062776612874586, 4784644.922894892282784 ], [ 508895.48892208217876, 4784648.585283128544688 ], [ 508894.906799049058463, 4784652.220022152177989 ], [ 508894.31564958463423, 4784655.826944469474256 ], [ 508893.714737451518886, 4784659.405876773409545 ], [ 508893.103348328382708, 4784662.956639034673572 ], [ 508892.480789866414852, 4784666.479044685140252 ], [ 508891.84639189473819, 4784669.97289998549968 ], [ 508891.199506612028927, 4784673.438003554008901 ], [ 508890.539508708228823, 4784676.874146347865462 ], [ 508889.865795563324355, 4784680.281111290678382 ], [ 508889.177787476510275, 4784683.658672829158604 ], [ 508888.474927795759868, 4784687.006597055122256 ], [ 508887.756683173007332, 4784690.324641272425652 ], [ 508887.022543750761542, 4784693.612553961575031 ], [ 508886.272023392957635, 4784696.870074606500566 ], [ 508885.504659897938836, 4784700.096933659166098 ], [ 508884.720015264756512, 4784703.292852345854044 ], [ 508883.91767587402137, 4784706.457542878575623 ], [ 508883.462851265270729, 4784708.194501203484833 ], [ 508875.435749724914785, 4784734.799630126915872 ], [ 508866.18347697542049, 4784759.462555986829102 ], [ 508855.327797989826649, 4784783.462945506908 ], [ 508842.915802862436976, 4784806.696689068339765 ], [ 508829.001332712825388, 4784829.063002652488649 ], [ 508813.644746134988964, 4784850.464865010231733 ], [ 508796.912657407519873, 4784870.809438478201628 ], [ 508778.877647467947099, 4784890.00847177952528 ], [ 508759.617949128441978, 4784907.978682765737176 ], [ 508739.217107678239699, 4784924.642119723372161 ], [ 508716.58398797159316, 4784940.766918546520174 ], [ 508715.084174821386114, 4784941.754060935229063 ], [ 508712.343121216632426, 4784943.527655968442559 ], [ 508709.566817233222537, 4784945.294489326886833 ], [ 508706.755668124707881, 4784947.054860576055944 ], [ 508703.910078234097455, 4784948.809095383621752 ], [ 508701.03045097674476, 4784950.557545258663595 ], [ 508698.117188637610525, 4784952.300587419420481 ], [ 508695.170693070453126, 4784954.038624140433967 ], [ 508692.191364699392579, 4784955.772083130665123 ], [ 508689.179603645461611, 4784957.501416659913957 ], [ 508686.135809058963787, 4784959.227101764641702 ], [ 508683.060379593342077, 4784960.949639795348048 ], [ 508679.953713651513681, 4784962.669556114822626 ], [ 508676.81620940042194, 4784964.387399955652654 ], [ 508673.648264952178579, 4784966.103744169697165 ], [ 508670.450278846954461, 4784967.81918485276401 ], [ 508667.222650544543285, 4784969.534340970218182 ], [ 508663.965779497113544, 4784971.249854750931263 ], [ 508660.680067584908102, 4784972.966390313580632 ], [ 508657.365917665127199, 4784974.684634350240231 ], [ 508654.023735131835565, 4784976.405295255593956 ], [ 508650.653926799655892, 4784978.129103641957045 ], [ 508647.256903729343321, 4784979.856810831464827 ], [ 508643.833079649950378, 4784981.589189639315009 ], [ 508640.382873270777054, 4784983.327033162117004 ], [ 508636.906706310110167, 4784985.071155740879476 ], [ 508633.405005873413756, 4784986.822391754947603 ], [ 508629.878205944143701, 4784988.581594851799309 ], [ 508626.326746301434468, 4784990.349638486281037 ], [ 508622.751071486331057, 4784992.127416429109871 ], [ 508619.153596123273019, 4784993.914866256527603 ], [ 508341.08319811912952, 4785132.062526853755116 ], [ 508337.61587531369878, 4785133.785151327028871 ], [ 508334.145517886790913, 4785135.509463462047279 ], [ 508330.671576507156715, 4785137.23591666482389 ], [ 508327.194123288209084, 4785138.96465618442744 ], [ 508323.713230912922882, 4785140.695827558636665 ], [ 508320.22897206217749, 4785142.4295769110322 ], [ 508316.741419829137158, 4785144.166050744242966 ], [ 508313.250647677690722, 4785145.905395953916013 ], [ 508309.756729557935614, 4785147.647759770974517 ], [ 508306.259739526954945, 4785149.39328995719552 ], [ 508302.75975223549176, 4785151.142134558409452 ], [ 508299.256842682079878, 4785152.894442027434707 ], [ 508295.751086317817681, 4785154.650361170992255 ], [ 508292.242559051315766, 4785156.410041145980358 ], [ 508288.73133726400556, 4785158.173631453886628 ], [ 508285.217497770674527, 4785159.94128196220845 ], [ 508281.701117936463561, 4785161.713142841123044 ], [ 508278.182275751314592, 4785163.489364523440599 ], [ 508274.661049614136573, 4785165.270097818225622 ], [ 508271.137518489209469, 4785167.055493833497167 ], [ 508267.611762153799646, 4785168.84570383746177 ], [ 508264.083860601705965, 4785170.640879577025771 ], [ 508260.553894846118055, 4785172.441172856837511 ], [ 508257.021946271706838, 4785174.246735873632133 ], [ 508253.488097141380422, 4785176.057720952667296 ], [ 508253.395516298362054, 4785176.105227990075946 ], [ 508249.952430167642888, 4785177.87428077403456 ], [ 508249.856198676570784, 4785177.923790213651955 ], [ 508246.415029054158367, 4785179.696568080224097 ], [ 508246.315153005882166, 4785179.748091986402869 ], [ 508242.875977869378403, 4785181.524736016057432 ], [ 508242.772464041074272, 4785181.578286681324244 ], [ 508239.335361848177854, 4785183.358937690034509 ], [ 508239.228216899500694, 4785183.414528055116534 ], [ 508235.793266605527606, 4785185.199326602742076 ], [ 508235.682497748814058, 4785185.256969907321036 ], [ 508232.249778823752422, 4785187.046056273393333 ], [ 508229.69420248089591, 4785188.425541345030069 ], [ 508080.935290027875453, 4785271.536533276550472 ], [ 508076.057338837708812, 4785274.446608491241932 ], [ 507932.257236477627885, 4785365.869699530303478 ], [ 507927.552381136047188, 4785369.052038574591279 ], [ 507789.175030356447678, 4785468.492270901799202 ], [ 507784.658450114016887, 4785471.936606611125171 ], [ 507652.150297008513007, 4785579.073156744241714 ], [ 507647.836563682067208, 4785582.768376678228378 ], [ 507521.625118583731819, 4785697.255590550601482 ], [ 507519.502675041905604, 4785699.237807245925069 ], [ 507516.712291749892756, 4785701.92074413318187 ], [ 507516.622333480569068, 4785702.007346625439823 ], [ 507513.835302532475907, 4785704.69376577809453 ], [ 507513.748445651086513, 4785704.777588312514126 ], [ 507510.964659433055203, 4785707.467369679361582 ], [ 507510.88089375133859, 4785707.548401139676571 ], [ 507508.100244224537164, 4785710.241425058804452 ], [ 507508.019559613894671, 4785710.319654995575547 ], [ 507505.241938331106212, 4785713.015802200883627 ], [ 507505.16432521736715, 4785713.091220350004733 ], [ 507502.389623336901423, 4785715.7903719432652 ], [ 507502.315072325814981, 4785715.862968591973186 ], [ 507499.54318062751554, 4785718.565006040968001 ], [ 507496.702491674455814, 4785721.339576879516244 ], [ 507493.867437911685556, 4785724.113957601599395 ], [ 507491.037900746800005, 4785726.888022101484239 ], [ 507488.213761670223903, 4785729.661644913256168 ], [ 507485.394902195781469, 4785732.434701271355152 ], [ 507482.581203900976107, 4785735.207067075185478 ], [ 507479.772548450739123, 4785737.978618863970041 ], [ 507476.968817599175964, 4785740.749233814887702 ], [ 507474.169893180893268, 4785743.518789758905768 ], [ 507471.375657243770547, 4785746.287165039218962 ], [ 507468.58599184959894, 4785749.054238721728325 ], [ 507465.800779381708708, 4785751.819890276528895 ], [ 507463.019902238855138, 4785754.583999895490706 ], [ 507460.243243074102793, 4785757.346448251977563 ], [ 507457.470684795000125, 4785760.107116491533816 ], [ 507454.702110469806939, 4785762.865886337123811 ], [ 507451.937403417949099, 4785765.622639993205667 ], [ 507449.176447186735459, 4785768.377260173670948 ], [ 507446.419125663407613, 4785771.129629980772734 ], [ 507443.665322849527001, 4785773.879633149132133 ], [ 507440.914923296950292, 4785776.627153583802283 ], [ 507438.167811657825951, 4785779.372075831517577 ], [ 507435.423872948391363, 4785782.114284812472761 ], [ 507432.682992608752102, 4785784.853665752336383 ], [ 506230.305567805771716, 4786986.590056561864913 ], [ 506192.517571720294654, 4787013.319825944490731 ], [ 506189.356217460881453, 4787015.556111680343747 ], [ 506186.189386015234049, 4787017.796667037531734 ], [ 506183.016132077784277, 4787020.042557961307466 ], [ 506179.836644444963895, 4787022.294050707481802 ], [ 506176.651113044412341, 4787024.551413289271295 ], [ 506173.459729567810427, 4787026.81491501070559 ], [ 506170.262687112728599, 4787029.08482672739774 ], [ 506167.060180382919498, 4787031.36142070684582 ], [ 506163.852405837504193, 4787033.644970511086285 ], [ 506160.639561471762136, 4787035.935751171782613 ], [ 506157.421847332967445, 4787038.234038800001144 ], [ 506154.199465265439358, 4787040.540110777132213 ], [ 506150.972619036561809, 4787042.854245661757886 ], [ 506150.884710581041873, 4787042.917363001964986 ], [ 506147.741514484514482, 4787045.176723083481193 ], [ 506147.646920274128206, 4787045.244801965542138 ], [ 506144.506359514140058, 4787047.507823740132153 ], [ 506144.405096706293989, 4787047.580887676216662 ], [ 506141.26736425497802, 4787049.84782928135246 ], [ 506141.159451228100806, 4787049.925903465598822 ], [ 506138.024741031695157, 4787052.197022328153253 ], [ 506137.910197500896174, 4787052.280133552849293 ], [ 506134.778704543481581, 4787054.555686336010695 ], [ 506134.6575514843571, 4787054.6438630502671 ], [ 506131.52947185136145, 4787056.924105605110526 ], [ 506131.401731588644907, 4787057.017377843149006 ], [ 506128.277262528252322, 4787059.30256515648216 ], [ 506128.142958632030059, 4787059.40096461866051 ], [ 506125.022298618627246, 4787061.691350765526295 ], [ 506124.881456001661718, 4787061.794910745695233 ], [ 506121.764804797770921, 4787064.090748837217689 ], [ 506121.617449922661763, 4787064.199504067189991 ], [ 506118.505008639185689, 4787066.501046187244356 ], [ 506118.351168955850881, 4787066.615033254958689 ], [ 506115.243140114936978, 4787068.922530428506434 ], [ 506115.082844808115624, 4787069.041787220165133 ], [ 506111.979432402236853, 4787071.35548933967948 ], [ 506111.812711790553294, 4787071.480055491439998 ], [ 506108.714121343626175, 4787073.800211277790368 ], [ 506108.54100728809135, 4787073.930127862840891 ], [ 506105.447445914905984, 4787076.256984802894294 ], [ 506105.267971762397792, 4787076.392294378019869 ], [ 506102.179648227465805, 4787078.726098665967584 ], [ 506101.993848550075199, 4787078.866845466196537 ], [ 506098.910973326477688, 4787081.207841960713267 ], [ 506098.718884376983624, 4787081.354071551002562 ], [ 506095.641669704287779, 4787083.702503705397248 ], [ 506095.443329052766785, 4787083.854263259097934 ], [ 506092.371988994593266, 4787086.210373073816299 ], [ 506090.179367574164644, 4787087.94157656468451 ], [ 506028.109867224527989, 4787138.372442118823528 ], [ 506025.966461007134058, 4787140.164218926802278 ], [ 506023.031494343245868, 4787142.688174927607179 ], [ 506022.842345124692656, 4787142.851247125305235 ], [ 506019.913690880406648, 4787145.382525073364377 ], [ 506019.731234324746765, 4787145.5406100647524 ], [ 506016.808699449466076, 4787148.078950887545943 ], [ 506016.632897110190243, 4787148.232002208940685 ], [ 506013.716286753653549, 4787150.777148323133588 ], [ 506013.547101372561883, 4787150.925121231004596 ], [ 506010.63621895306278, 4787153.476816494949162 ], [ 506010.473614429007284, 4787153.619667990133166 ], [ 506007.568261699809227, 4787156.177657660096884 ], [ 506007.412203132058494, 4787156.315346453338861 ], [ 506004.51218024874106, 4787158.879377136006951 ], [ 506004.362633928714786, 4787159.011863654479384 ], [ 506001.46773951506475, 4787161.581683261319995 ], [ 506001.324672932503745, 4787161.708929646760225 ], [ 505998.434704145998694, 4787164.284287348389626 ], [ 505998.29808607744053, 4787164.406257377937436 ], [ 505995.412838674150407, 4787166.986903552897274 ], [ 505995.282639070937876, 4787167.10356274060905 ], [ 505992.401907470833976, 4787169.689248931594193 ], [ 505992.278097702132072, 4787169.800564308650792 ], [ 505989.401675052125938, 4787172.391043163836002 ], [ 505989.28422751656035, 4787172.496983632445335 ], [ 505986.41190575476503, 4787175.092008872888982 ], [ 505986.300794428505469, 4787175.192544709891081 ], [ 505983.432364347274415, 4787177.791871059685946 ], [ 505983.327564263425302, 4787177.886974389664829 ], [ 505980.462815572624095, 4787180.490357542410493 ], [ 505980.364303242822643, 4787180.580001953989267 ], [ 505977.503024631238077, 4787183.187198511324823 ], [ 505977.410777860146482, 4787183.271359226666391 ], [ 505974.552757057943381, 4787185.882126648910344 ], [ 505974.466754919907544, 4787185.960780546069145 ], [ 505971.611778760910966, 4787188.574877104721963 ], [ 505971.532001798099373, 4787188.648002535104752 ], [ 505968.679856279923115, 4787191.265187253244221 ], [ 505965.756756601214875, 4787193.952796880155802 ], [ 505962.842247502470855, 4787196.637447855435312 ], [ 505959.93609732814366, 4787199.318884353153408 ], [ 505957.038075349933933, 4787201.996852515265346 ], [ 505954.147951640130486, 4787204.671100569888949 ], [ 505951.265497153042816, 4787207.341378762386739 ], [ 505948.390483852825128, 4787210.00743923522532 ], [ 505945.522684788389597, 4787212.66903595905751 ], [ 505942.661874090728816, 4787215.325924732722342 ], [ 505939.807827045093291, 4787217.977863123640418 ], [ 505936.960320165962912, 4787220.624610395170748 ], [ 505934.119349530781619, 4787223.265724532306194 ], [ 505930.580091785930563, 4787226.555962799116969 ], [ 505927.049004514759872, 4787229.83781517483294 ], [ 505923.525925128604285, 4787233.110648429021239 ], [ 505920.010467530693859, 4787236.374043012969196 ], [ 505916.502245109819341, 4787239.627585764043033 ], [ 505913.000878707214724, 4787242.870862502604723 ], [ 505909.505992290680297, 4787246.103462055325508 ], [ 505906.017210239253473, 4787249.324978758580983 ], [ 505902.534165518940426, 4787252.535004905425012 ], [ 505899.056491169903893, 4787255.733138616196811 ], [ 505895.583827002788894, 4787258.918977658264339 ], [ 505892.115817143174354, 4787262.092121723107994 ], [ 505888.652108569105621, 4787265.252173769287765 ], [ 505885.192354047088884, 4787268.39873734023422 ], [ 505881.736212127143517, 4787271.531416590325534 ], [ 505878.283343979914207, 4787274.649819165468216 ], [ 505874.833417855435982, 4787277.753552176058292 ], [ 505871.386106311285403, 4787280.842224712483585 ], [ 505867.941087561834138, 4787283.915446657687426 ], [ 505864.498044678126462, 4787286.972829413600266 ], [ 505861.056667055294383, 4787290.013984617777169 ], [ 505857.616649746138137, 4787293.038524757139385 ], [ 505854.177693229285069, 4787296.046063404530287 ], [ 505850.739504193130415, 4787299.036214545369148 ], [ 505847.30179564334685, 4787302.008592530153692 ], [ 505843.86428663902916, 4787304.962812322191894 ], [ 505840.426702462485991, 4787307.898489397019148 ], [ 505836.988775197940413, 4787310.815239275805652 ], [ 505833.550243554054759, 4787313.712677726522088 ], [ 505830.110852692159824, 4787316.590420949272811 ], [ 505827.785459196718875, 4787318.52188375685364 ], [ 505768.139995742123574, 4787364.852194433100522 ], [ 505706.949273715610616, 4787406.595647552981973 ], [ 505642.051623316307086, 4787445.226903961971402 ], [ 505639.404905651812442, 4787446.687345696613193 ], [ 505635.470707116241101, 4787448.83976186439395 ], [ 505631.518484114145394, 4787450.984192661009729 ], [ 505627.548501282755751, 4787453.121015236712992 ], [ 505623.561021023488138, 4787455.250613062642515 ], [ 505619.55630389606813, 4787457.373375684954226 ], [ 505615.534607123408932, 4787459.489699479192495 ], [ 505611.496186886331998, 4787461.599986396729946 ], [ 505607.441298066580202, 4787463.7046440821141 ], [ 505603.370191830559634, 4787465.804087096825242 ], [ 505599.28312042215839, 4787467.89873440656811 ], [ 505595.180331748386379, 4787469.989012162201107 ], [ 505591.062074809102342, 4787472.075350873172283 ], [ 505586.928596169571392, 4787474.158187210559845 ], [ 505582.780140860879328, 4787476.237963505089283 ], [ 505578.616954675060697, 4787478.315126601606607 ], [ 505574.43927992641693, 4787480.390129952691495 ], [ 505570.247361327696126, 4787482.463430676609278 ], [ 505566.041440596338362, 4787484.535492230206728 ], [ 505561.821760620572604, 4787486.606782332994044 ], [ 505557.588563934201375, 4787488.67777372058481 ], [ 505553.3420916890027, 4787490.748944628052413 ], [ 505549.082586440839805, 4787492.820777432061732 ], [ 505544.810290892375633, 4787494.893759248778224 ], [ 505540.52544784307247, 4787496.968381964601576 ], [ 505536.228300912829582, 4787499.045141878537834 ], [ 505531.919093946693465, 4787501.124539983458817 ], [ 505527.598073829198256, 4787503.2070806119591 ], [ 505523.265484137111343, 4787505.29327449016273 ], [ 505518.921574033563957, 4787507.383634458296001 ], [ 505514.567510253051296, 4787509.478236735798419 ], [ 505474.567895893647801, 4787528.719799539074302 ], [ 505461.004417855525389, 4787536.610632929950953 ], [ 505459.943255831836723, 4787537.47577450145036 ], [ 504115.288590924057644, 4788116.133592175319791 ], [ 504111.138986957317684, 4788117.919400290586054 ], [ 504106.982976518513169, 4788119.708387209102511 ], [ 504102.81940170872258, 4788121.501474953256547 ], [ 504098.648417471034918, 4788123.299022967927158 ], [ 504094.470180044707377, 4788125.101392534561455 ], [ 504090.284846799739171, 4788126.908946849405766 ], [ 504086.092576552939136, 4788128.722050878219306 ], [ 504081.893529344815761, 4788130.541071464307606 ], [ 504077.6878670383594, 4788132.366377056576312 ], [ 504073.47575283551123, 4788134.198337925598025 ], [ 504069.257351910113357, 4788136.037325881421566 ], [ 504065.032831027172506, 4788137.883714446797967 ], [ 504064.938625395821873, 4788137.924947178922594 ], [ 504060.802359071443789, 4788139.737878611311316 ], [ 504060.700350845581852, 4788139.782656715251505 ], [ 504056.566106790676713, 4788141.600194956175983 ], [ 504056.456307691696566, 4788141.648544562980533 ], [ 504052.324247203185223, 4788143.471041456796229 ], [ 504052.206669738108758, 4788143.522990762256086 ], [ 504048.076955385098699, 4788145.350797588936985 ], [ 504047.951613088953309, 4788145.406376739032567 ], [ 504043.824408801330719, 4788147.239844167605042 ], [ 504043.6913163124118, 4788147.299085231497884 ], [ 504039.566787470714189, 4788149.138563268817961 ], [ 504039.425960246124305, 4788149.201500362716615 ], [ 504035.304273770365398, 4788151.04733831807971 ], [ 504035.155728276644368, 4788151.114007516764104 ], [ 504031.037052715022583, 4788152.966553956270218 ], [ 504030.880806564295199, 4788153.0369932372123 ], [ 504026.765312182018533, 4788154.896595930680633 ], [ 504026.601383905857801, 4788154.970845272764564 ], [ 504022.489242772222497, 4788156.837851153686643 ], [ 504022.317651945573743, 4788156.915952478535473 ], [ 504018.209038022672758, 4788158.790707596577704 ], [ 504018.029805435449816, 4788158.872704694978893 ], [ 504013.924894664669409, 4788160.755554160103202 ], [ 504013.738042055862024, 4788160.841492807492614 ], [ 504009.637012445484288, 4788162.732780748046935 ], [ 504009.442562640469987, 4788162.822708645835519 ], [ 504005.345594351238105, 4788164.722778160125017 ], [ 504005.14357143844245, 4788164.81674485001713 ], [ 504001.050846870231908, 4788166.725937947630882 ], [ 504000.84127602254739, 4788166.823994893580675 ], [ 503996.752979899989441, 4788168.742652446962893 ], [ 503996.535887353646103, 4788168.844853047281504 ], [ 503992.452206810296047, 4788170.773314745165408 ], [ 503992.227620211313479, 4788170.879714163020253 ], [ 503988.148744874750264, 4788172.818318444304168 ], [ 503987.916692867642269, 4788172.928973807021976 ], [ 503983.842814943229314, 4788174.878057817928493 ], [ 503980.830194713606033, 4788176.382246155291796 ], [ 503883.251782398903742, 4788227.172843770124018 ], [ 503877.611546126543544, 4788230.344674101099372 ], [ 503783.522324701130856, 4788287.339847295545042 ], [ 503778.099036112078466, 4788290.869820913299918 ], [ 503687.89298323559342, 4788353.830915093421936 ], [ 503682.709351142635569, 4788357.704251018352807 ], [ 503596.764184571395162, 4788426.367630625143647 ], [ 503591.841914280434139, 4788430.568110126070678 ], [ 503510.517510258185212, 4788504.646262548863888 ], [ 503505.877212679130025, 4788509.156297053210437 ], [ 503429.514099035644904, 4788588.339036527089775 ], [ 503425.175204381230287, 4788593.139741270802915 ], [ 503354.093134647700936, 4788677.095507709309459 ], [ 503350.073811072739772, 4788682.166780809871852 ], [ 503284.570425585261546, 4788770.544028139673173 ], [ 503280.887503112491686, 4788775.864634769968688 ], [ 503221.237082708976232, 4788868.293302950449288 ], [ 503219.459080310654826, 4788871.152878197841346 ], [ 503217.139356813742779, 4788875.027706285938621 ], [ 503217.007587868662085, 4788875.248454331420362 ], [ 503214.697833591490053, 4788879.129233347252011 ], [ 503214.570996840309817, 4788879.342944383621216 ], [ 503212.270893987675663, 4788883.229451575316489 ], [ 503212.14893519890029, 4788883.436091800220311 ], [ 503209.858164443226997, 4788887.328106874600053 ], [ 503209.741031224839389, 4788887.527643693611026 ], [ 503207.459271768515464, 4788891.424948720261455 ], [ 503207.346913491026498, 4788891.617350880987942 ], [ 503205.073843128338922, 4788895.51973021030426 ], [ 503204.966210806858726, 4788895.704968007281423 ], [ 503202.701505984179676, 4788899.612208212725818 ], [ 503202.598552571202163, 4788899.790252988226712 ], [ 503200.34188844676828, 4788903.702142757363617 ], [ 503200.243568551493809, 4788903.872967381961644 ], [ 503197.994619054079521, 4788907.789297459647059 ], [ 503197.900889157084748, 4788907.952875968068838 ], [ 503195.659327044035308, 4788911.873439062386751 ], [ 503195.570145469973795, 4788912.029746696352959 ], [ 503193.335642383666709, 4788915.954337392002344 ], [ 503193.25096916151233, 4788916.103350852616131 ], [ 503191.023195686284453, 4788920.031765549443662 ], [ 503190.942992798984051, 4788920.173462552949786 ], [ 503188.721618516312446, 4788924.105499361641705 ], [ 503188.645849755906966, 4788924.239858901128173 ], [ 503186.430543298367411, 4788928.175317567773163 ], [ 503186.359174292010721, 4788928.302319862879813 ], [ 503184.149603398807812, 4788932.24100168608129 ], [ 503184.082601647067349, 4788932.360628122463822 ], [ 503181.878433216072153, 4788936.302335869520903 ], [ 503181.815768097701948, 4788936.414568983949721 ], [ 503179.616668238595594, 4788940.35910680424422 ], [ 503179.558310989290476, 4788940.463930325582623 ], [ 503177.363945075834636, 4788944.411103669553995 ], [ 503177.309868862852454, 4788944.50850238930434 ], [ 503175.119901584519539, 4788948.458117914386094 ], [ 503175.070081388403196, 4788948.54807789158076 ], [ 503172.884176801133435, 4788952.49994339235127 ], [ 503170.656411182251759, 4788956.53637592215091 ], [ 503168.43624645617092, 4788960.567213574424386 ], [ 503166.223325823491905, 4788964.592256305739284 ], [ 503164.017293968121521, 4788968.61130593996495 ], [ 503161.81779710954288, 4788972.624166077934206 ], [ 503159.624483012070414, 4788976.630642085336149 ], [ 503157.43700113252271, 4788980.630540820769966 ], [ 503155.255002563586459, 4788984.623670743778348 ], [ 503153.078140188998077, 4788988.609841627068818 ], [ 503150.906068632844836, 4788992.588864654302597 ], [ 503148.738444373419043, 4788996.560552212409675 ], [ 503146.267395140253939, 4789001.088228462263942 ], [ 503143.799486664589494, 4789005.60940404701978 ], [ 503141.334274497581646, 4789010.124150447547436 ], [ 503138.871449549042154, 4789014.632294144481421 ], [ 503136.410700938256923, 4789019.133667913265526 ], [ 503133.951721330580767, 4789023.628101043403149 ], [ 503131.494202830304857, 4789028.115426864475012 ], [ 503129.037841040408239, 4789032.595475325360894 ], [ 503126.582331701298244, 4789037.068079121410847 ], [ 503124.127372887975071, 4789041.533069701865315 ], [ 503121.672663443547208, 4789045.990280120633543 ], [ 503119.217905313707888, 4789050.439540785737336 ], [ 503116.762799822492525, 4789054.880686232820153 ], [ 503114.307052252988797, 4789059.313546819612384 ], [ 503111.850368047715165, 4789063.73795560747385 ], [ 503109.392455282388255, 4789068.153743890114129 ], [ 503106.93302326783305, 4789072.560743732377887 ], [ 503104.47178371110931, 4789076.958785872906446 ], [ 503102.008449367131107, 4789081.347702153027058 ], [ 503099.542735676048324, 4789085.72732259426266 ], [ 503097.07435979123693, 4789090.097477145493031 ], [ 503094.603040420333855, 4789094.457995962351561 ], [ 503092.128498667210806, 4789098.808707930147648 ], [ 503089.650457625393756, 4789103.149441385641694 ], [ 503087.168642388132866, 4789107.480024123564363 ], [ 503084.682780269125942, 4789111.800283000804484 ], [ 503082.192600306065287, 4789116.110044826753438 ], [ 503079.697834421531297, 4789120.409134360030293 ], [ 503077.19821611122461, 4789124.697376589290798 ], [ 503074.693481352936942, 4789128.97459517326206 ], [ 503072.9608074859716, 4789131.919330102391541 ], [ 502994.012900744564831, 4789256.550956403836608 ], [ 502908.218617046950385, 4789374.680534504354 ], [ 502815.102272739168257, 4789487.128757090307772 ], [ 502715.039082531409804, 4789593.442511149682105 ], [ 502608.432253607257735, 4789693.193402693606913 ], [ 502495.711360905959737, 4789785.979482955299318 ], [ 502377.330616181134246, 4789871.426868023350835 ], [ 502252.467934891348705, 4789950.008832019753754 ], [ 502249.518129853007849, 4789951.732860160991549 ], [ 502245.233582144952379, 4789954.225037032738328 ], [ 502240.938025709590875, 4789956.712065222673118 ], [ 502236.631636283476837, 4789959.194209166802466 ], [ 502232.314588276320137, 4789961.671735779382288 ], [ 502227.987055984267499, 4789964.144913744181395 ], [ 502223.649211020034272, 4789966.614014974795282 ], [ 502219.301227637275588, 4789969.079311575740576 ], [ 502214.943274889315944, 4789971.541080287657678 ], [ 502210.575525744236074, 4789973.999597325921059 ], [ 502206.198148561117705, 4789976.455143173225224 ], [ 502201.811314326594584, 4789978.907998516224325 ], [ 502197.415191009640694, 4789981.35844740178436 ], [ 502193.009946824400686, 4789983.806775401346385 ], [ 502188.595752270077355, 4789986.253268484957516 ], [ 502184.172772535413969, 4789988.698217226192355 ], [ 502179.741175528557505, 4789991.14191235229373 ], [ 502175.301131028390955, 4789993.584645214490592 ], [ 502170.852802788896952, 4789996.026712138205767 ], [ 502166.396359243139159, 4789998.468408520333469 ], [ 502161.931967769633047, 4790000.910031995736063 ], [ 502157.459794687514659, 4790003.351882424205542 ], [ 502152.980006970698014, 4790005.794260953553021 ], [ 502148.492773519421462, 4790008.237469330430031 ], [ 502143.998256051971111, 4790010.681814857758582 ], [ 502139.49662857450312, 4790013.127599790692329 ], [ 502134.988057481183205, 4790015.575132174417377 ], [ 502130.472708236658946, 4790018.024722201749682 ], [ 502125.950748340634163, 4790020.476680594496429 ], [ 502121.422348296444397, 4790022.931318094953895 ], [ 502116.888217619096395, 4790025.388654961250722 ], [ 501955.515962338191457, 4790112.844239255413413 ], [ 501942.349054007732775, 4790121.380380837246776 ], [ 501930.679598910035565, 4790131.871186613105237 ], [ 501920.794937758240849, 4790144.058338126167655 ], [ 501912.938463715254329, 4790157.641747260466218 ], [ 501907.303629246132914, 4790172.286945402622223 ], [ 501904.029182676458731, 4790187.633319168351591 ], [ 501903.195751748105977, 4790203.302989904768765 ], [ 501904.823858296440449, 4790218.910118313506246 ], [ 501908.87341293488862, 4790234.070405095815659 ], [ 501915.244702188589144, 4790248.410553677007556 ], [ 501923.780843771004584, 4790261.577462007291615 ], [ 501934.271649546455592, 4790273.246917105279863 ], [ 501946.458801059925463, 4790283.13157825730741 ], [ 501960.042210194224026, 4790290.988052300177515 ], [ 501974.687408335681539, 4790296.622886769473553 ], [ 501990.033782101469114, 4790299.897333338856697 ], [ 502005.703452837828081, 4790300.730764267034829 ], [ 502021.310581246449146, 4790299.102657719515264 ], [ 502036.470868028933182, 4790295.053103080950677 ], [ 502050.811016610590741, 4790288.681813826784492 ], [ 502212.183757965103723, 4790201.225966105237603 ], [ 502216.722489892970771, 4790198.766135533340275 ], [ 502221.266133678436745, 4790196.303235375322402 ], [ 502225.815534425142687, 4790193.83639872726053 ], [ 502230.370519974618219, 4790191.365308353677392 ], [ 502234.930917186138686, 4790188.889645914547145 ], [ 502239.496552110358607, 4790186.409091860987246 ], [ 502244.067249671090394, 4790183.923325614072382 ], [ 502248.642833673337009, 4790181.43202556297183 ], [ 502253.223126895434689, 4790178.934869011864066 ], [ 502257.807950826128945, 4790176.431532320566475 ], [ 502262.397125615912955, 4790173.921690939925611 ], [ 502266.990470101882238, 4790171.405019395053387 ], [ 502271.587801725952886, 4790168.881191328167915 ], [ 502276.188936325081158, 4790166.349879623390734 ], [ 502280.793688284233212, 4790163.81075631827116 ], [ 502280.884784725785721, 4790163.760461600497365 ], [ 502285.401870268105995, 4790161.263492752797902 ], [ 502285.498982100514695, 4790161.209740580990911 ], [ 502290.01329330902081, 4790158.707759525626898 ], [ 502290.116409149952233, 4790158.650529799051583 ], [ 502294.62776653515175, 4790156.143226653337479 ], [ 502294.736874374910258, 4790156.08249796461314 ], [ 502299.245097343518864, 4790153.569563465192914 ], [ 502299.360184382065199, 4790153.505313198082149 ], [ 502303.865091174084228, 4790150.986438741907477 ], [ 502303.986143803049345, 4790150.918643077835441 ], [ 502308.487551427737344, 4790148.393520765006542 ], [ 502308.614555384207051, 4790148.322154595516622 ], [ 502313.112279557390139, 4790145.790477260947227 ], [ 502313.245219566219021, 4790145.715514393523335 ], [ 502317.739074647717644, 4790143.176975662820041 ], [ 502317.877934963617008, 4790143.098388509824872 ], [ 502322.367733893799596, 4790140.552682818844914 ], [ 502322.512497683346737, 4790140.470442754216492 ], [ 502326.998051921545994, 4790137.917265409603715 ], [ 502327.148701757541858, 4790137.831342480145395 ], [ 502331.629821220238227, 4790135.270389686338603 ], [ 502331.78633870545309, 4790135.18075283523649 ], [ 502336.26283170375973, 4790132.611721747554839 ], [ 502336.425197682809085, 4790132.518338686786592 ], [ 502340.896870862401556, 4790129.940927448682487 ], [ 502341.065065358998254, 4790129.843764699064195 ], [ 502345.531723637715913, 4790127.257672484964132 ], [ 502345.705725749430712, 4790127.156695435754955 ], [ 502350.167172257846687, 4790124.561622499488294 ], [ 502350.346960314956959, 4790124.456795318052173 ], [ 502354.802996335725766, 4790121.852443031035364 ], [ 502357.607862728124019, 4790120.150793394073844 ], [ 502486.546596589498222, 4790039.003577609546483 ], [ 502491.809022367175203, 4790035.453629527240992 ], [ 502615.339463309850544, 4789946.289186615496874 ], [ 502620.366054543061182, 4789942.412508007138968 ], [ 502737.990433487226255, 4789845.590128376148641 ], [ 502742.760935396829154, 4789841.402340416796505 ], [ 502854.005281890975311, 4789737.312172329053283 ], [ 502858.50047161715338, 4789732.830149819143116 ], [ 502962.916523714142386, 4789621.891627277247608 ], [ 502967.118287775083445, 4789617.133430641144514 ], [ 503064.285298315109685, 4789499.793583266437054 ], [ 503068.176705595047679, 4789494.778385777957737 ], [ 503157.703137617267203, 4789371.510037492960691 ], [ 503161.268507589760702, 4789366.258048021234572 ], [ 503242.793612040404696, 4789237.557911799289286 ], [ 503244.503482329659164, 4789234.758049237541854 ], [ 503247.12089505646145, 4789230.309672178700566 ], [ 503247.226249203202315, 4789230.130192379467189 ], [ 503249.834398490784224, 4789225.676377632655203 ], [ 503249.935885544749908, 4789225.50267246644944 ], [ 503252.535069436242338, 4789221.043619627133012 ], [ 503252.632725150324404, 4789220.875710897147655 ], [ 503255.223242814536206, 4789216.411617714911699 ], [ 503255.317101771943271, 4789216.249526366591454 ], [ 503257.899253460054751, 4789211.780588803812861 ], [ 503257.989349070703611, 4789211.624334928579628 ], [ 503260.5634360712138, 4789207.150747222825885 ], [ 503260.649800557352137, 4789207.000350086949766 ], [ 503263.216125152714085, 4789202.522304813377559 ], [ 503263.298789519118145, 4789202.377782904542983 ], [ 503265.857654943247326, 4789197.895471042953432 ], [ 503265.936649093870074, 4789197.756841868162155 ], [ 503268.488359488954302, 4789193.270452846772969 ], [ 503268.563712026982103, 4789193.137733280658722 ], [ 503271.108572402386926, 4789188.647455058060586 ], [ 503271.180310806608759, 4789188.520661033689976 ], [ 503273.718626996793319, 4789184.026680145412683 ], [ 503273.786777478409931, 4789183.905826905742288 ], [ 503276.31885610264726, 4789179.40832853782922 ], [ 503276.383443698228803, 4789179.293430468998849 ], [ 503278.90959211968584, 4789174.79259851295501 ], [ 503278.970640613988508, 4789174.683669283054769 ], [ 503281.491166900203098, 4789170.179686404764652 ], [ 503281.548698874772526, 4789170.076738878153265 ], [ 503284.063911757490132, 4789165.569786577485502 ], [ 503284.117948551604059, 4789165.472832879982889 ], [ 503286.628157388186082, 4789160.963091555982828 ], [ 503286.678719135758001, 4789160.872143012471497 ], [ 503289.18423387024086, 4789156.359792021103203 ], [ 503291.732470533926971, 4789151.760077046230435 ], [ 503294.273196035006549, 4789147.164133951067924 ], [ 503296.806738228246104, 4789142.572148527950048 ], [ 503299.333424173353706, 4789137.984305029734969 ], [ 503301.853580029041041, 4789133.400786361657083 ], [ 503304.367531135852914, 4789128.821773919276893 ], [ 503306.875601848762017, 4789124.247447897680104 ], [ 503309.378115546249319, 4789119.677987277507782 ], [ 503311.875394644623157, 4789115.113569784909487 ], [ 503314.367760484106839, 4789110.554372107610106 ], [ 503316.855533288326114, 4789106.000569972209632 ], [ 503319.339032223506365, 4789101.452338024042547 ], [ 503321.818575258250348, 4789096.909850089810789 ], [ 503324.294441636826377, 4789092.373347938992083 ], [ 503326.455815813620575, 4789088.41311149764806 ], [ 503328.613514221680816, 4789084.460415628738701 ], [ 503330.76778306462802, 4789080.515610164962709 ], [ 503332.918957823596429, 4789076.578876760788262 ], [ 503335.067369325843174, 4789072.650400994345546 ], [ 503337.213349586352706, 4789068.730361675843596 ], [ 503339.357225467043463, 4789064.818942443467677 ], [ 503341.499324575590435, 4789060.91632098518312 ], [ 503343.639969590411056, 4789057.022679395973682 ], [ 503345.779482814308722, 4789053.138195874169469 ], [ 503347.918183321307879, 4789049.263049909844995 ], [ 503350.056387952412479, 4789045.397420474328101 ], [ 503352.194410820200574, 4789041.541486919857562 ], [ 503354.332564585783985, 4789037.695426654070616 ], [ 503356.471157687425148, 4789033.859420145861804 ], [ 503358.610497667046729, 4789030.033644923008978 ], [ 503360.750888597394805, 4789026.218280193395913 ], [ 503362.892631546070334, 4789022.413505996577442 ], [ 503365.036025946901646, 4789018.61950075160712 ], [ 503367.181367433047853, 4789014.836445105262101 ], [ 503369.328949764312711, 4789011.064518501982093 ], [ 503371.479062783007976, 4789007.303902768529952 ], [ 503373.631994503259193, 4789003.554778451099992 ], [ 503375.788029298826586, 4788999.817327951081097 ], [ 503377.947449017316103, 4788996.091733577661216 ], [ 503380.110531997517683, 4788992.378179238177836 ], [ 503382.27755392738618, 4788988.676848918199539 ], [ 503384.448787214991171, 4788984.987927770242095 ], [ 503386.624501214188058, 4788981.311601690016687 ], [ 503388.804961587535217, 4788977.648058366030455 ], [ 503390.193733390769921, 4788975.328276719897985 ], [ 503447.175733688753098, 4788887.034340782091022 ], [ 503508.82396049646195, 4788803.858478229492903 ], [ 503575.722541757044382, 4788724.843873217701912 ], [ 503647.591354567615781, 4788650.321381800808012 ], [ 503724.12946426612325, 4788580.603050328791142 ], [ 503805.016384577960707, 4788515.980808774009347 ], [ 503889.913419521704782, 4788456.725248396396637 ], [ 503978.465081699658185, 4788403.084488635882735 ], [ 504071.678391546360217, 4788354.56597311142832 ], [ 504074.11734025797341, 4788353.399095746688545 ], [ 504077.967891299515031, 4788351.56900923512876 ], [ 504081.830727092630696, 4788349.744838418439031 ], [ 504085.705687300360296, 4788347.926300463266671 ], [ 504089.592610493884422, 4788346.113110543228686 ], [ 504093.491338304651435, 4788344.304979912005365 ], [ 504097.40171286300756, 4788342.501617111265659 ], [ 504101.323577021597885, 4788340.702727867290378 ], [ 504105.256775806541555, 4788338.908014445565641 ], [ 504109.201153639703989, 4788337.117176929488778 ], [ 504113.156558007642161, 4788335.329911553300917 ], [ 504117.122834653942846, 4788333.545912894420326 ], [ 504121.099831466912292, 4788331.764872121624649 ], [ 504125.087398359144572, 4788329.986477060243487 ], [ 504129.085382551653311, 4788328.210414310917258 ], [ 504133.093634029617533, 4788326.436366813257337 ], [ 504137.112004876951687, 4788324.664014155045152 ], [ 504141.140342659316957, 4788322.893035503104329 ], [ 504145.178500880370848, 4788321.123104992322624 ], [ 504149.226327613927424, 4788319.353896726854146 ], [ 504153.283677600498777, 4788317.585079487413168 ], [ 504157.3503996154177, 4788315.816322247497737 ], [ 504161.426344693463761, 4788314.047290590591729 ], [ 504165.511367509723641, 4788312.277646114118397 ], [ 504169.605313414998818, 4788310.507052059285343 ], [ 504173.708037629665341, 4788308.735164985060692 ], [ 504177.819390567834489, 4788306.961641136556864 ], [ 504181.939218940970022, 4788305.186135952360928 ], [ 504186.067375330720097, 4788303.408299941569567 ], [ 504190.203711236536037, 4788301.627781679853797 ], [ 504194.34739052929217, 4788299.844523274339736 ], [ 504747.120912426325958, 4788061.964323847554624 ], [ 504749.548159411526285, 4788061.615804641507566 ], [ 504764.540558532928117, 4788056.983185869641602 ], [ 504856.538595423626248, 4788020.426582235842943 ], [ 504861.927464007108938, 4788018.28538510389626 ], [ 504867.30519163882127, 4788016.149447711184621 ], [ 504872.671058640233241, 4788014.01988326292485 ], [ 504878.025342643260956, 4788011.897402917966247 ], [ 504883.368322747992352, 4788009.78271147236228 ], [ 504888.700272865535226, 4788007.676509998738766 ], [ 504894.021462841483299, 4788005.579495401121676 ], [ 504899.332164260558784, 4788003.492358120158315 ], [ 504904.632638532493729, 4788001.415786830708385 ], [ 504909.923147202120163, 4787999.350464373826981 ], [ 504915.203944116248749, 4787997.297070824541152 ], [ 504920.47528100758791, 4787995.256281303241849 ], [ 504925.737402781611308, 4787993.228767801076174 ], [ 504930.990550590155181, 4787991.215197975747287 ], [ 504936.234958495711908, 4787989.216236427426338 ], [ 504941.470857052947395, 4787987.232543305493891 ], [ 504946.698467692534905, 4787985.26477643288672 ], [ 504951.918008525215555, 4787983.313589087687433 ], [ 504957.129689986468293, 4787981.379631622694433 ], [ 504962.333715479704551, 4787979.463551196269691 ], [ 504967.530281859566458, 4787977.565991562791169 ], [ 504972.71957884170115, 4787975.687593264505267 ], [ 504977.901788358693011, 4787973.828993824310601 ], [ 504983.077084963733796, 4787971.990827567875385 ], [ 504988.245635499188211, 4787970.173725700005889 ], [ 504993.407597708806861, 4787968.378316754475236 ], [ 504998.563122861552984, 4787966.605225620791316 ], [ 505003.712351307214703, 4787964.855075042694807 ], [ 505008.855416280857753, 4787963.128484240733087 ], [ 505013.992441933136433, 4787961.426069545559585 ], [ 505018.082583962066565, 4787960.088788347318769 ], [ 505078.918403713032603, 4787941.938115363940597 ], [ 505140.554998250096105, 4787926.727128994651139 ], [ 505144.758300394867547, 4787925.80526424292475 ], [ 505150.049039827776141, 4787924.66714093927294 ], [ 505155.357245469931513, 4787923.546790792606771 ], [ 505160.682712177338544, 4787922.443619566038251 ], [ 505166.025239973969292, 4787921.357026167213917 ], [ 505171.384635265218094, 4787920.286402445286512 ], [ 505176.760709724971093, 4787919.231133476831019 ], [ 505182.153282019949984, 4787918.190597267821431 ], [ 505187.562175263708923, 4787917.164165304973722 ], [ 505192.987217896210495, 4787916.151202423498034 ], [ 505198.428243611939251, 4787915.151066862046719 ], [ 505203.885091656702571, 4787914.163110241293907 ], [ 505209.357604292803444, 4787913.186678074300289 ], [ 505214.845629114191979, 4787912.221109357662499 ], [ 505220.349017709901091, 4787911.265736846253276 ], [ 505225.867625278187916, 4787910.319887150079012 ], [ 505231.401312242378481, 4787909.382880473509431 ], [ 505236.949939177371562, 4787908.454031500965357 ], [ 505242.513372560671996, 4787907.532648435793817 ], [ 505248.091481170733459, 4787906.618033627979457 ], [ 505253.684135097719263, 4787905.709483743645251 ], [ 505259.291208596900105, 4787904.806289310567081 ], [ 505264.912576546659693, 4787903.907735300250351 ], [ 505270.548117032507434, 4787903.013100719079375 ], [ 505276.197707724117208, 4787902.1216592034325 ], [ 505281.861230365175288, 4787901.232678294181824 ], [ 505287.538564622867852, 4787900.345420422963798 ], [ 505293.229591687850188, 4787899.459142346866429 ], [ 505298.934194202942308, 4787898.573095155879855 ], [ 505304.652259955764748, 4787897.686523715034127 ], [ 505310.383392374787945, 4787896.798711500130594 ], [ 505314.846199677092955, 4787896.107392627745867 ], [ 505319.320096607960295, 4787895.413843137212098 ], [ 505323.804911929473747, 4787894.717573614791036 ], [ 505328.300566396210343, 4787894.018076585605741 ], [ 505332.806979822635185, 4787893.314840908162296 ], [ 505337.324070611328352, 4787892.607351849786937 ], [ 505341.851755887793843, 4787891.895091064274311 ], [ 505346.389950990793295, 4787891.177536673843861 ], [ 505350.938569643651135, 4787890.454163243994117 ], [ 505351.038166311220266, 4787890.438271850347519 ], [ 505355.497523468220606, 4787889.724441859871149 ], [ 505355.608167539990973, 4787889.706666960380971 ], [ 505360.066721912939101, 4787888.987840148620307 ], [ 505360.188407305569854, 4787888.968144563026726 ], [ 505364.646072149276733, 4787888.243822290562093 ], [ 505364.778792099328712, 4787888.222165131010115 ], [ 505369.235478822141886, 4787887.491849063895643 ], [ 505369.379225641489029, 4787887.468185780569911 ], [ 505373.834843638876919, 4787886.731377932243049 ], [ 505373.989609280659351, 4787886.705660212785006 ], [ 505378.444065767747816, 4787885.961862959899008 ], [ 505378.609841040277388, 4787885.934038864448667 ], [ 505383.06304088520119, 4787885.182754999026656 ], [ 505383.239816111861728, 4787885.152768850326538 ], [ 505387.691661669872701, 4787884.393501601181924 ], [ 505387.879426011873875, 4787884.361294097267091 ], [ 505392.329816958168522, 4787883.593547183088958 ], [ 505392.528559028578456, 4787883.559055297635496 ], [ 505396.977392193162814, 4787882.782332951202989 ], [ 505397.187099558999762, 4787882.74549001455307 ], [ 505401.634268760797568, 4787881.959297030232847 ], [ 505401.854928119806573, 4787881.920032700523734 ], [ 505406.300324001640547, 4787881.123874473385513 ], [ 505406.531920946144965, 4787881.082114784047008 ], [ 505410.975430808903184, 4787880.275497360154986 ], [ 505411.217950054386165, 4787880.231164675205946 ], [ 505415.659457694098819, 4787879.413594790734351 ], [ 505415.912882910983171, 4787879.366607839241624 ], [ 505420.352268452988937, 4787878.537592967972159 ], [ 505420.616582132061012, 4787878.487866868264973 ], [ 505425.053721868956927, 4787877.64691527467221 ], [ 505425.328905253612902, 4787877.594361552037299 ], [ 505429.763671480526682, 4787876.740982348099351 ], [ 505430.04970497044269, 4787876.685508858412504 ], [ 505434.481965823739301, 4787875.819212040863931 ], [ 505434.778828147158492, 4787875.760723131708801 ], [ 505439.208447441458702, 4787874.881019658409059 ], [ 505439.516116262064315, 4787874.819416055455804 ], [ 505443.942953329649754, 4787873.925817892886698 ], [ 505444.261404956167098, 4787873.860996758565307 ], [ 505448.685314484697301, 4787872.95301694329828 ], [ 505449.014523676829413, 4787872.884871919639409 ], [ 505453.435355550900567, 4787871.962024628184736 ], [ 505456.849864398827776, 4787871.186624993570149 ], [ 505540.910860198899172, 4787850.543257644400001 ], [ 505547.320640509424265, 4787848.740914179012179 ], [ 505629.821552164677996, 4787822.549327621236444 ], [ 505636.097184056125116, 4787820.324429870583117 ], [ 505716.672254288278054, 4787788.700741162523627 ], [ 505722.785915541986469, 4787786.063152928836644 ], [ 505801.077925045508891, 4787749.14756166562438 ], [ 505807.002511524246074, 4787746.108976358547807 ], [ 505882.66436265228549, 4787704.065143110230565 ], [ 505888.373608459078241, 4787700.639031910337508 ], [ 505961.069864036922809, 4787653.653352651745081 ], [ 505966.538457955233753, 4787649.854904788546264 ], [ 506035.946828397980426, 4787598.135684542357922 ], [ 506041.15052611543797, 4787593.981739947572351 ], [ 506106.963298258022405, 4787537.758269284851849 ], [ 506109.58531163627049, 4787535.437674326822162 ], [ 506112.914238292665686, 4787532.385847186669707 ], [ 506113.161667017790023, 4787532.158247753977776 ], [ 506116.480315100518055, 4787529.095246321521699 ], [ 506116.718767506245058, 4787528.874444099143147 ], [ 506120.027443979110103, 4787525.800673761405051 ], [ 506120.256991893693339, 4787525.586751137860119 ], [ 506123.556007446430158, 4787522.502614033408463 ], [ 506123.776720430701971, 4787522.295650377869606 ], [ 506127.066389333398547, 4787519.201545507647097 ], [ 506127.278335032693576, 4787519.001616831868887 ], [ 506130.558974992192816, 4787515.897940138354897 ], [ 506130.762218744202983, 4787515.705119466409087 ], [ 506134.034150761959609, 4787512.592263944447041 ], [ 506134.228755787073169, 4787512.406621125526726 ], [ 506137.49230401951354, 4787509.284976914525032 ], [ 506137.678331372037064, 4787509.106578665785491 ], [ 506140.93382299010409, 4787505.976533146575093 ], [ 506141.111331373685971, 4787505.805443229153752 ], [ 506144.359096427273471, 4787502.667381132021546 ], [ 506144.528142295603175, 4787502.503660245798528 ], [ 506147.768513576535042, 4787499.357963751070201 ], [ 506147.929150976298843, 4787499.201669692061841 ], [ 506151.16246388386935, 4787496.04871854186058 ], [ 506151.314744636241812, 4787495.899906016886234 ], [ 506154.541337044443935, 4787492.740077609196305 ], [ 506154.685310405038763, 4787492.59879856929183 ], [ 506157.905522530782036, 4787489.432468080893159 ], [ 506158.041235458513256, 4787489.298771454952657 ], [ 506161.255409730307292, 4787486.126311940141022 ], [ 506161.382906660670415, 4787486.00024385843426 ], [ 506164.591387589636724, 4787482.822026365436614 ], [ 506164.710710495652165, 4787482.70363009441644 ], [ 506167.913844547641929, 4787479.520023775286973 ], [ 506168.02503289480228, 4787479.40933976508677 ], [ 506171.223168361815624, 4787476.220711990259588 ], [ 506171.32625903893495, 4787476.117777943611145 ], [ 506174.519745913974475, 4787472.924494419246912 ], [ 506174.614773418463301, 4787472.829345098696649 ], [ 506177.80396326945629, 4787469.63176996819675 ], [ 506177.89095928997267, 4787469.544437622651458 ], [ 506181.076205135963392, 4787466.342933603562415 ], [ 506181.155198958178516, 4787466.263447554782033 ], [ 506184.336855144239962, 4787463.058376040309668 ], [ 506184.407873418414965, 4787462.98676291666925 ], [ 506187.586295494751539, 4787459.778484093956649 ], [ 506190.824906761525199, 4787456.503640882670879 ], [ 506194.053067927074153, 4787453.234225780703127 ], [ 506197.271156167495064, 4787449.970614631660283 ], [ 506200.479546647460666, 4787446.713179960846901 ], [ 506203.678612575284205, 4787443.462290904484689 ], [ 506206.868724864849355, 4787440.218313568271697 ], [ 506210.050252164073754, 4787436.981610984541476 ], [ 506213.22356068121735, 4787433.752543292939663 ], [ 506742.009524648310617, 4786895.65486737433821 ], [ 506744.044844948686659, 4786893.583680022507906 ], [ 506746.082275677355938, 4786891.51018978189677 ], [ 506748.122176500444766, 4786889.433874883688986 ], [ 506750.164469345356338, 4786887.354658403433859 ], [ 506752.209075584542006, 4786885.272463385947049 ], [ 506754.255916361929849, 4786883.187212510034442 ], [ 506756.304912548628636, 4786881.09882812295109 ], [ 506758.35598446521908, 4786879.007232542149723 ], [ 506760.409052316448651, 4786876.912347593344748 ], [ 506762.464035760960542, 4786874.814095061272383 ], [ 506764.52085409295978, 4786872.71239650528878 ], [ 506766.579426320386119, 4786870.607173169031739 ], [ 506768.639670960430522, 4786868.498346200212836 ], [ 506770.701506171433721, 4786866.385836508125067 ], [ 506772.764849615166895, 4786864.269564915448427 ], [ 506774.829618688730989, 4786862.149451904930174 ], [ 506776.895730168675072, 4786860.025418001227081 ], [ 506778.963100566645153, 4786857.897383393719792 ], [ 506781.031645764887799, 4786855.765268318355083 ], [ 506783.101281365263276, 4786853.628992695361376 ], [ 506785.171922322711907, 4786851.488476512022316 ], [ 506787.243483258935157, 4786849.343639492057264 ], [ 506789.315878198191058, 4786847.194401378743351 ], [ 506791.389020776841789, 4786845.040681708604097 ], [ 506793.462823978392407, 4786842.882400094531476 ], [ 506795.537200419581495, 4786840.719475924968719 ], [ 506797.612062084139325, 4786838.551828646101058 ], [ 506797.681963152426761, 4786838.478725389577448 ], [ 506799.687320497992914, 4786836.379377571865916 ], [ 506799.759732291277032, 4786836.303492220118642 ], [ 506801.762886506214272, 4786834.202042132616043 ], [ 506801.837800536537543, 4786834.123366505838931 ], [ 506803.838670614117291, 4786832.019741501659155 ], [ 506803.916077874833718, 4786831.938267352059484 ], [ 506805.914582566940226, 4786829.832395047880709 ], [ 506808.176648303749971, 4786827.36750456970185 ], [ 506917.281803925987333, 4786704.412788081914186 ], [ 506919.460151411709376, 4786701.873609360307455 ], [ 506921.313376683567185, 4786699.638821840286255 ], [ 506921.385065833863337, 4786699.552273616194725 ], [ 506923.235778422036674, 4786697.315404790453613 ], [ 506923.304985386552289, 4786697.231665034778416 ], [ 506925.153266826062463, 4786694.992786968126893 ], [ 506925.220001049805433, 4786694.911863417364657 ], [ 506927.065933103032876, 4786692.671047897078097 ], [ 506927.130203482636716, 4786692.592948290519416 ], [ 506928.973868133325595, 4786690.35026684962213 ], [ 506930.877162910765037, 4786688.030522297136486 ], [ 506932.775908210489433, 4786685.71189231891185 ], [ 506934.670194681966677, 4786683.394454492256045 ], [ 506936.560112925537396, 4786681.078285786323249 ], [ 506938.445753342704847, 4786678.763462756760418 ], [ 506940.327206212852616, 4786676.450061440467834 ], [ 506942.204561646911316, 4786674.138157421723008 ], [ 506944.077909613959491, 4786671.827825790271163 ], [ 506945.947339901758824, 4786669.519141194410622 ], [ 506947.812942115124315, 4786667.212177840061486 ], [ 506949.674805686750915, 4786664.907009476795793 ], [ 506951.533019751252141, 4786662.603709559887648 ], [ 506953.387673428282142, 4786660.302350886166096 ], [ 506955.238855459203478, 4786658.003006056882441 ], [ 506957.086654407030437, 4786655.705747220665216 ], [ 506958.931158627790865, 4786653.410646116361022 ], [ 506960.772456205217168, 4786651.117774144746363 ], [ 506962.610634999233298, 4786648.827202318236232 ], [ 506964.445782579248771, 4786646.539001335389912 ], [ 506966.277986286324449, 4786644.25324150826782 ], [ 506968.107333183055744, 4786641.96999282296747 ], [ 506969.933909979532473, 4786639.689325032755733 ], [ 506971.757803209358826, 4786637.411307438276708 ], [ 506973.579099086404312, 4786635.136009060777724 ], [ 506975.397883379424457, 4786632.863498812541366 ], [ 506977.214241700654384, 4786630.593845124356449 ], [ 506979.027091993077192, 4786628.328574824146926 ], [ 506980.837678821291775, 4786626.06630658917129 ], [ 506982.64610271633137, 4786623.807087847962976 ], [ 506984.452430504898075, 4786621.551007469184697 ], [ 506986.256762351491489, 4786619.298111998476088 ], [ 506988.059169576328713, 4786617.048483339138329 ], [ 506989.859740891202819, 4786614.802180998027325 ], [ 506991.658556487294845, 4786612.559274449013174 ], [ 506993.455700965365395, 4786610.319826990365982 ], [ 506995.251252755289897, 4786608.083908938802779 ], [ 506997.045297818141989, 4786605.851580557413399 ], [ 506998.837913198338356, 4786603.622912539169192 ], [ 507000.629180438583717, 4786601.397969301789999 ], [ 507002.419182059180457, 4786599.176813387311995 ], [ 507004.207994939002674, 4786596.959513661451638 ], [ 507005.99570007447619, 4786594.746133212931454 ], [ 507007.78237614542013, 4786592.536737334914505 ], [ 507009.568101473618299, 4786590.331391087733209 ], [ 507011.352953673398588, 4786588.130159735679626 ], [ 507013.137011017417535, 4786585.933107062242925 ], [ 507014.92035022273194, 4786583.740298096090555 ], [ 507016.703048088646028, 4786581.551797097548842 ], [ 507018.485180986463092, 4786579.367668184451759 ], [ 507020.266823897371069, 4786577.187976507470012 ], [ 507022.048052340804134, 4786575.012785890139639 ], [ 507023.828941381594632, 4786572.842160050757229 ], [ 507025.609564675251022, 4786570.676163748838007 ], [ 507027.389995716919657, 4786568.514861276373267 ], [ 507029.170308106869925, 4786566.358316133730114 ], [ 507030.950574063579552, 4786564.206592821516097 ], [ 507032.149360189971048, 4786562.760987520217896 ], [ 507092.293100021488499, 4786493.029791213572025 ], [ 507093.547003744286485, 4786491.63172569591552 ], [ 507095.413986627710983, 4786489.554795710369945 ], [ 507097.285731735813897, 4786487.477112329564989 ], [ 507099.162165193120018, 4786485.398612997494638 ], [ 507101.043213817931246, 4786483.319233753718436 ], [ 507102.928802292444743, 4786481.238912368193269 ], [ 507104.818856019584928, 4786479.157585186883807 ], [ 507106.713302387157455, 4786477.075185734778643 ], [ 507108.61206408723956, 4786474.991652075201273 ], [ 507110.515068802807946, 4786472.906916161999106 ], [ 507112.422240739804693, 4786470.820913136936724 ], [ 507114.333503787231166, 4786468.733577854000032 ], [ 507116.248784998373594, 4786466.644841094501317 ], [ 507118.168007374391891, 4786464.554637431167066 ], [ 507120.091095626004972, 4786462.462898950092494 ], [ 507122.017974248330574, 4786460.369557349011302 ], [ 507123.948568130610511, 4786458.274543274194002 ], [ 507125.88279989286093, 4786456.177789214998484 ], [ 507127.82059466233477, 4786454.07922432012856 ], [ 507129.761873510025907, 4786451.978781508281827 ], [ 507131.706563900166657, 4786449.876386160030961 ], [ 507133.654584525385872, 4786447.771972521208227 ], [ 507135.605860912939534, 4786445.665466831997037 ], [ 507137.560314684931654, 4786443.556798930279911 ], [ 507139.517870625306387, 4786441.445894621312618 ], [ 507141.47844404442003, 4786439.332689311355352 ], [ 507143.44196902110707, 4786437.217097549699247 ], [ 507145.408352432306856, 4786435.09906258340925 ], [ 507147.377526195195969, 4786432.978500064462423 ], [ 507149.349405482178554, 4786430.855343059636652 ], [ 507151.323733420635108, 4786428.729709246195853 ], [ 507208.419934059493244, 4786367.258616879582405 ], [ 507218.164052372274455, 4786354.958806051872671 ], [ 507225.864090092247352, 4786341.286110370419919 ], [ 507231.330446735781152, 4786326.577196978963912 ], [ 507234.428522460453678, 4786311.194248142652214 ], [ 507235.082032360078301, 4786295.516043114475906 ], [ 507233.274884851940442, 4786279.928631335496902 ], [ 507230.433875654242001, 4786269.762281184084713 ], [ 507574.065904934017453, 4785926.313455454073846 ], [ 507576.802117462561, 4785923.578739649616182 ], [ 507579.535751323681325, 4785920.846828532405198 ] ] ], [ [ [ 503053.50796049553901, 4790237.442120138555765 ], [ 503052.253131455683615, 4790238.971724737435579 ], [ 503050.993518732779194, 4790240.507486335001886 ], [ 503049.712393723835703, 4790242.070870779454708 ], [ 503048.431916711910162, 4790243.634828171692789 ], [ 503047.130873169109691, 4790245.226331558078527 ], [ 503045.823831815854646, 4790246.827964887954295 ], [ 503045.755726503499318, 4790246.911515276879072 ], [ 503044.503826503001619, 4790248.449015276506543 ], [ 503044.428967046493199, 4790248.541064135730267 ], [ 503043.178067047090735, 4790250.081064134836197 ], [ 503043.096959584450815, 4790250.181048083119094 ], [ 503041.847159584111068, 4790251.723748083226383 ], [ 503041.744058532931376, 4790251.85122514795512 ], [ 503040.495858532667626, 4790253.3971251482144 ], [ 503040.385750770277809, 4790253.53373902849853 ], [ 503039.139450770511758, 4790255.082839028909802 ], [ 503039.018923069175798, 4790255.232945637777448 ], [ 503037.774723069567699, 4790256.785545637831092 ], [ 503037.649758007843047, 4790256.941805896349251 ], [ 503036.407858007121831, 4790258.497905896045268 ], [ 503036.266321355593391, 4790258.675665094517171 ], [ 503035.027021356043406, 4790260.235765094868839 ], [ 503034.878783111984376, 4790260.422833617776632 ], [ 503033.64238311216468, 4790261.986933616921306 ], [ 503033.477387333929073, 4790262.196233180351555 ], [ 503032.244287334091496, 4790263.764733181335032 ], [ 503032.073322996788193, 4790263.982820619828999 ], [ 503030.843722996592987, 4790265.555820618756115 ], [ 503030.664440216147341, 4790265.785863699391484 ], [ 503029.438640216016211, 4790267.363463699817657 ], [ 503029.24811107252026, 4790267.609462970867753 ], [ 503028.023911072465125, 4790269.19516297057271 ], [ 503027.588606230507139, 4790269.763201571069658 ], [ 503023.519806230964605, 4790275.112201572395861 ], [ 503022.855156217643525, 4790275.996076279319823 ], [ 503018.843356217199471, 4790281.392976279370487 ], [ 503018.188195772992913, 4790282.284595433622599 ], [ 503014.236395773070399, 4790287.725495433434844 ], [ 503013.592291656241287, 4790288.622686615213752 ], [ 503009.700691656500567, 4790294.1070866137743 ], [ 503009.064732282829937, 4790295.013938932679594 ], [ 503005.234232282673474, 4790300.540938933379948 ], [ 503004.60912704776274, 4790301.453640648163855 ], [ 503000.840027047612239, 4790307.022640648297966 ], [ 503000.226235252688639, 4790307.940418007783592 ], [ 502996.5188352529658, 4790313.550718008540571 ], [ 502995.91341286059469, 4790314.478008466772735 ], [ 502992.268312860280275, 4790320.129108465276659 ], [ 502991.674922042468097, 4790321.060305420309305 ], [ 502988.094522042141762, 4790326.748005421832204 ], [ 502987.713844987098128, 4790327.357583506964147 ], [ 502986.658944987226278, 4790329.060383505187929 ], [ 502986.495366846153047, 4790329.325348902493715 ], [ 502985.448466846661177, 4790331.027048902586102 ], [ 502985.296655031503178, 4790331.274618561379611 ], [ 502984.255455031641759, 4790332.978118562139571 ], [ 502984.112167866609525, 4790333.213276710361242 ], [ 502983.076367865956854, 4790334.918476710096002 ], [ 502982.939314149261918, 4790335.144777399487793 ], [ 502981.908714149089064, 4790336.851577400229871 ], [ 502981.78271308116382, 4790337.060827737674117 ], [ 502980.757013081980404, 4790338.768927738070488 ], [ 502980.644153931876644, 4790338.957340771332383 ], [ 502979.62295393156819, 4790340.666440770030022 ], [ 502979.518326288030948, 4790340.841954613104463 ], [ 502979.249326287710574, 4790341.294254614040256 ], [ 502978.499481123057194, 4790342.555157224647701 ], [ 502978.400336364051327, 4790342.722243425436318 ], [ 502977.387436363613233, 4790344.433043424971402 ], [ 502977.301590892137028, 4790344.578316883184016 ], [ 502976.292290892102756, 4790346.289616883732378 ], [ 502976.211877329275012, 4790346.426207889802754 ], [ 502975.205877329222858, 4790348.138107889331877 ], [ 502975.135507537750527, 4790348.25804628431797 ], [ 502974.132707537850365, 4790349.969946283847094 ], [ 502974.074287136434577, 4790350.069809336215258 ], [ 502973.074087136774324, 4790351.781809337437153 ], [ 502973.01735271839425, 4790351.879044857807457 ], [ 502972.019852718804032, 4790353.590844857506454 ], [ 502970.984279931115452, 4790355.371176375076175 ], [ 502969.951985015301034, 4790357.149033296853304 ], [ 502968.937703127623536, 4790358.897701308131218 ], [ 502967.930390054767486, 4790360.635681718587875 ], [ 502966.929257219657302, 4790362.363912814296782 ], [ 502958.851300090609584, 4790376.309219853952527 ], [ 502954.808809168520384, 4790384.04842265881598 ], [ 502954.662656570493709, 4790384.360741572454572 ], [ 502948.727355877519585, 4790400.5524339703843 ], [ 502948.63703614322003, 4790400.885219233110547 ], [ 502945.57189136830857, 4790417.855887511745095 ], [ 502945.540090594440699, 4790418.199242133647203 ], [ 502945.436258708592504, 4790435.444180887192488 ], [ 502945.463922646013089, 4790435.787893546745181 ], [ 502948.324491594394203, 4790452.794240581803024 ], [ 502948.410797521180939, 4790453.128089308738708 ], [ 502954.150694339594338, 4790469.390078028663993 ], [ 502954.293075528810732, 4790469.704134206287563 ], [ 502962.741596394102089, 4790484.738135171122849 ], [ 502962.935818447323982, 4790485.02305880934 ], [ 502971.882527311565354, 4790496.307026191614568 ], [ 502972.04290189530002, 4790496.481806599535048 ], [ 502980.567870552767999, 4790504.731728446669877 ], [ 502980.747814708563965, 4790504.886286845430732 ], [ 502990.189778517000377, 4790512.068599040620029 ], [ 502990.386759777436964, 4790512.20076023414731 ], [ 502995.519487037381623, 4790515.423321316950023 ], [ 503004.747987036651466, 4790520.834621316753328 ], [ 503005.878727845964022, 4790521.497624778188765 ], [ 503013.113266521773767, 4790525.350168414413929 ], [ 503013.396431286178995, 4790525.486370274797082 ], [ 503028.046227774058934, 4790531.163327483460307 ], [ 503028.347230584942736, 4790531.253496981225908 ], [ 503043.705382306710817, 4790534.565830007195473 ], [ 503044.016793078975752, 4790534.607741359621286 ], [ 503059.704193049808964, 4790535.47368720266968 ], [ 503060.018324783595745, 4790535.466305851005018 ], [ 503075.647737774415873, 4790533.864489147439599 ], [ 503075.956836304569151, 4790533.807997297495604 ], [ 503091.14245981653221, 4790529.777957920916378 ], [ 503091.438895219762344, 4790529.673750041052699 ], [ 503105.805880287545733, 4790523.314967265352607 ], [ 503106.082335222570691, 4790523.165615668520331 ], [ 503119.276040758588351, 4790514.635052585043013 ], [ 503119.525691090791952, 4790514.444243932142854 ], [ 503131.220438313845079, 4790503.952472383156419 ], [ 503131.437121565279085, 4790503.724916676990688 ], [ 503141.344231649010908, 4790491.530920689925551 ], [ 503141.522599115443882, 4790491.27223501726985 ], [ 503145.726703874883242, 4790484.630845933221281 ], [ 503153.834194651397411, 4790470.634615556336939 ], [ 503154.818392144108657, 4790468.935705587267876 ], [ 503155.793360985000618, 4790467.253327126614749 ], [ 503156.7603153900709, 4790465.586272299289703 ], [ 503157.719981268572155, 4790463.933573714457452 ], [ 503158.669488654879387, 4790462.300950913690031 ], [ 503159.609534196963068, 4790460.687897718511522 ], [ 503160.544886452378705, 4790459.086917428299785 ], [ 503161.458746338146739, 4790457.526733983308077 ], [ 503162.392223793431185, 4790455.938149613328278 ], [ 503163.303207549732178, 4790454.393438027240336 ], [ 503164.209065538889263, 4790452.863588900305331 ], [ 503165.10816905478714, 4790451.351574622094631 ], [ 503166.000223173643462, 4790449.858595159836113 ], [ 503166.886115491506644, 4790448.383428218774498 ], [ 503167.766715058067348, 4790446.92518045194447 ], [ 503168.640695092501119, 4790445.486196254380047 ], [ 503169.50829830073053, 4790444.06676875334233 ], [ 503170.372120821324643, 4790442.662750612013042 ], [ 503171.125979954202194, 4790441.445929645560682 ], [ 503174.130796331621241, 4790436.672419562935829 ], [ 503177.080985646287445, 4790432.09876165073365 ], [ 503178.518696149054449, 4790429.922972519882023 ], [ 503180.080282723472919, 4790427.559851791709661 ], [ 503183.131066268251743, 4790423.052339886315167 ], [ 503186.230540817196015, 4790418.580011767335236 ], [ 503189.379180977237411, 4790414.142698529176414 ], [ 503192.577258464996703, 4790409.739544752053916 ], [ 503195.823706660768948, 4790405.372301934286952 ], [ 503199.239483437326271, 4790400.881774899549782 ], [ 503200.114024415088352, 4790399.748942170292139 ], [ 503201.12314177659573, 4790398.45019184332341 ], [ 503202.149602705903817, 4790397.137193257920444 ], [ 503203.189595005474985, 4790395.814295467920601 ], [ 503204.245401004271116, 4790394.478655125945807 ], [ 503205.31715690222336, 4790393.129353231750429 ], [ 503206.402212299231905, 4790391.769721824675798 ], [ 503207.500084849831183, 4790390.39977990090847 ], [ 503208.615214340796228, 4790389.013994081877172 ], [ 503209.745182330254465, 4790387.614378811791539 ], [ 503210.886638861964457, 4790386.205235980451107 ], [ 503212.042260163347237, 4790384.782509125769138 ], [ 503213.209707724920008, 4790383.348936971276999 ], [ 503214.394479933369439, 4790381.897207401692867 ], [ 503215.591901697451249, 4790380.432356312870979 ], [ 503216.799055548675824, 4790378.957752692513168 ], [ 503218.020597320632078, 4790377.467235031537712 ], [ 503219.255002323538065, 4790375.961995529010892 ], [ 503220.499916442844551, 4790374.444501523859799 ], [ 503223.952414960891474, 4790370.236266004852951 ], [ 503233.924967857252341, 4790358.081110960803926 ], [ 503247.307736560585909, 4790341.769289864227176 ], [ 503248.455741307290737, 4790340.370140429586172 ], [ 503249.787612120679114, 4790338.747413768433034 ], [ 503251.010968831484206, 4790337.257982352748513 ], [ 503252.224711333052255, 4790335.781767064705491 ], [ 503253.423354806436691, 4790334.325853773392737 ], [ 503254.612100939732045, 4790332.884839956648648 ], [ 503255.793180563021451, 4790331.455976112745702 ], [ 503256.963400000124238, 4790330.043809813447297 ], [ 503258.12539197166916, 4790328.645416093990207 ], [ 503259.274888097483199, 4790327.266350399702787 ], [ 503260.413963929458987, 4790325.904715280048549 ], [ 503261.546196240757126, 4790324.556468512862921 ], [ 503262.667275394895114, 4790323.227031481452286 ], [ 503263.778915275877807, 4790321.914930508472025 ], [ 503264.882072300068103, 4790320.619173974730074 ], [ 503265.978991176118143, 4790319.337591820396483 ], [ 503267.064070876513142, 4790318.076682310551405 ], [ 503268.141076043248177, 4790316.832906342111528 ], [ 503269.077051149797626, 4790315.758550576865673 ], [ 503269.142029522918165, 4790315.685066391713917 ], [ 503282.951471773441881, 4790318.119518761523068 ], [ 503283.472371773328632, 4790318.165118762291968 ], [ 503300.913828226272017, 4790318.165118762291968 ], [ 503301.434728226158768, 4790318.119518761523068 ], [ 503312.194909480167553, 4790316.584617805667222 ], [ 503312.324809480225667, 4790316.558817806653678 ], [ 503314.537922431365587, 4790316.093188979662955 ], [ 503332.529422431834973, 4790312.094888978637755 ], [ 503338.844239587488119, 4790310.473821344785392 ], [ 503339.219539586978499, 4790310.364321346394718 ], [ 503353.475165398151148, 4790304.996447967365384 ], [ 503353.949065398715902, 4790304.775447966530919 ], [ 503369.046232648659497, 4790296.058311146683991 ], [ 503369.474632648285478, 4790295.758311145938933 ], [ 503382.823678118526004, 4790284.55657811742276 ], [ 503383.19337811821606, 4790284.186878117732704 ], [ 503394.395111087942496, 4790270.837832731194794 ], [ 503394.695111088687554, 4790270.409432732500136 ], [ 503401.362708896049298, 4790258.8618522034958 ], [ 503403.340459990140516, 4790258.207324864342809 ], [ 503404.790417974523734, 4790257.715119615197182 ], [ 503404.878917975060176, 4790257.684319615364075 ], [ 503406.548756023286842, 4790257.08652434963733 ], [ 503412.297156023210846, 4790254.970924350433052 ], [ 503413.546807880629785, 4790254.501517303287983 ], [ 503413.620907880482264, 4790254.473117303103209 ], [ 503414.843653381452896, 4790253.995252156630158 ], [ 503420.266853381530382, 4790251.834652155637741 ], [ 503422.104601629020181, 4790251.081261914223433 ], [ 503427.222001628892031, 4790248.923761915415525 ], [ 503428.459197439486161, 4790248.392320999875665 ], [ 503433.247897439869121, 4790246.297020999714732 ], [ 503438.693821506458335, 4790243.715928384102881 ], [ 503439.01600849465467, 4790243.551160938106477 ], [ 503449.410586184414569, 4790237.417261850088835 ], [ 503449.71057618863415, 4790237.214879133738577 ], [ 503459.290464438090567, 4790229.873373661190271 ], [ 503459.563887445139699, 4790229.636323823593557 ], [ 503463.996727355348412, 4790225.552798436954618 ], [ 503471.959127355890814, 4790217.761398436501622 ], [ 503474.604338287841529, 4790215.172982634045184 ], [ 503477.024417389126029, 4790213.400303419679403 ], [ 503478.044405954133254, 4790212.653162019327283 ], [ 503478.739497254195157, 4790212.311483776196837 ], [ 503486.672342133999337, 4790208.412019281648099 ], [ 503494.64995016308967, 4790204.675646062940359 ], [ 503500.87695698114112, 4790201.759158656001091 ], [ 503504.782749087084085, 4790200.194245708175004 ], [ 503511.578605512680952, 4790199.240186395123601 ], [ 503513.374950584024191, 4790198.971342985518277 ], [ 503513.478750584647059, 4790198.954842985607684 ], [ 503518.701543453673366, 4790197.981735913082957 ], [ 503518.915143453108612, 4790197.936035912483931 ], [ 503522.47587067540735, 4790197.105861116200686 ], [ 503531.974606280447915, 4790194.707353128120303 ], [ 503534.817013005842455, 4790193.98964649066329 ], [ 503544.328386065666564, 4790195.588767774403095 ], [ 503544.62306690949481, 4790195.619659842923284 ], [ 503557.027696372882929, 4790196.145087410695851 ], [ 503557.323934035783168, 4790196.139225100167096 ], [ 503559.825286793347914, 4790196.058402673341334 ], [ 503568.643286799022462, 4790195.662969251163304 ], [ 503571.744949735584669, 4790195.572640586644411 ], [ 503573.239766726270318, 4790196.087186802178621 ], [ 503573.591366726905107, 4790196.19128680229187 ], [ 503579.49691442999756, 4790197.745319182984531 ], [ 503588.496469786041416, 4790199.821929031983018 ], [ 503595.733366168220527, 4790201.523703786544502 ], [ 503598.610548812430352, 4790202.312649278901517 ], [ 503603.328925258363597, 4790204.093897522427142 ], [ 503610.913221623108257, 4790206.615661160089076 ], [ 503611.339321622916032, 4790206.73866115976125 ], [ 503618.51501286943676, 4790208.525450045242906 ], [ 503624.861856192757841, 4790209.858738371171057 ], [ 503629.124607172270771, 4790211.063309875316918 ], [ 503631.146695258037653, 4790211.634767378680408 ], [ 503640.921363300119992, 4790214.396716945804656 ], [ 503642.801616429525893, 4790214.908276403322816 ], [ 503652.689916429284494, 4790217.495376404374838 ], [ 503662.613510474038776, 4790220.091316650621593 ], [ 503663.867777164501604, 4790220.410765698179603 ], [ 503663.947677164745983, 4790220.430565698072314 ], [ 503665.358038050297182, 4790220.769229660741985 ], [ 503675.366509496816434, 4790223.095883541740477 ], [ 503685.323772174131591, 4790225.410758625715971 ], [ 503688.042013615311589, 4790226.00296856276691 ], [ 503688.20381361519685, 4790226.035868562757969 ], [ 503690.99057217274094, 4790226.561486589722335 ], [ 503700.997672172787134, 4790228.302386588416994 ], [ 503710.930866822658572, 4790230.03045086376369 ], [ 503716.293163580354303, 4790230.814273721538484 ], [ 503716.615263580810279, 4790230.852473721839488 ], [ 503721.989333056088071, 4790231.343193119391799 ], [ 503733.185933055530768, 4790232.061593119055033 ], [ 503736.291239774145652, 4790232.260789782740176 ], [ 503739.466993644658942, 4790232.413857324980199 ], [ 503739.659093644295353, 4790232.42005732562393 ], [ 503751.605628226418048, 4790232.091118763200939 ], [ 503752.126528226304799, 4790232.045518762432039 ], [ 503769.275585423107259, 4790229.022329113446176 ], [ 503769.780785423587076, 4790228.887029114179313 ], [ 503786.175465466978494, 4790222.920747935771942 ], [ 503786.649365466611926, 4790222.699747934937477 ], [ 503798.385480597091373, 4790215.92328982707113 ], [ 503800.0317009993596, 4790215.935545188374817 ], [ 503804.807200998882763, 4790215.930545189417899 ], [ 503806.50755490642041, 4790215.914307557046413 ], [ 503811.282254906371236, 4790215.828107556328177 ], [ 503812.978383596986532, 4790215.783089771866798 ], [ 503817.750983597710729, 4790215.615889772772789 ], [ 503819.451279218832497, 4790215.541831446811557 ], [ 503824.220379218051676, 4790215.29343144595623 ], [ 503825.916500301915221, 4790215.190631929785013 ], [ 503830.680700302007608, 4790214.861231930553913 ], [ 503832.374944615992717, 4790214.729617334902287 ], [ 503837.132744616712444, 4790214.319317333400249 ], [ 503838.824599531129934, 4790214.158922175876796 ], [ 503843.574799530790187, 4790213.667822177521884 ], [ 503845.264575578563381, 4790213.47859167214483 ], [ 503850.005775578611065, 4790212.906791671179235 ], [ 503851.689378956798464, 4790212.689231420867145 ], [ 503856.420178956817836, 4790212.037031420506537 ], [ 503858.101768642198294, 4790211.790624330751598 ], [ 503862.820768641773611, 4790211.058124330826104 ], [ 503864.501629292382859, 4790210.782535221427679 ], [ 503866.674216685001738, 4790210.407296472229064 ], [ 503869.20449795719469, 4790209.970358731225133 ], [ 503870.876982715097256, 4790209.666887954808772 ], [ 503875.568382714991458, 4790208.774387954734266 ], [ 503877.235437911818735, 4790208.442539435811341 ], [ 503881.910937911714427, 4790207.470439436845481 ], [ 503883.571089312899858, 4790207.110534673556685 ], [ 503888.229489312972873, 4790206.059134673327208 ], [ 503889.884043030324392, 4790205.670897576026618 ], [ 503894.523843030328862, 4790204.540497575886548 ], [ 503896.171915587096009, 4790204.124105470255017 ], [ 503900.791815587377641, 4790202.915005469694734 ], [ 503902.431409907992929, 4790202.47098499443382 ], [ 503907.030109907966107, 4790201.183584994636476 ], [ 503908.66314242297085, 4790200.711415496654809 ], [ 503913.239342422981281, 4790199.346015497110784 ], [ 503914.864443062106147, 4790198.846050224266946 ], [ 503919.416743061738089, 4790197.403050224296749 ], [ 503921.031465032021515, 4790196.876078926958144 ], [ 503925.558565032551996, 4790195.355978925712407 ], [ 503927.16600473318249, 4790194.800983471795917 ], [ 503931.6667047329247, 4790193.204083472490311 ], [ 503933.263226037612185, 4790192.622300839982927 ], [ 503937.736026037251577, 4790190.949200839735568 ], [ 503939.318095457623713, 4790190.342081093229353 ], [ 503940.83879545785021, 4790189.743681092746556 ], [ 503943.766068890690804, 4790188.591638726182282 ], [ 503945.343402287398931, 4790187.955327401868999 ], [ 503949.756802287360188, 4790186.131127403117716 ], [ 503951.320859304163605, 4790185.469045768491924 ], [ 503955.702659303788096, 4790183.570145768113434 ], [ 503957.255397953966167, 4790182.881527506746352 ], [ 503961.604197953769471, 4790180.908527505584061 ], [ 503963.145924926793668, 4790180.193203926086426 ], [ 503967.460724927543197, 4790178.146503927186131 ], [ 503968.990242513013072, 4790177.404997138306499 ], [ 503973.26954251260031, 4790175.285297138616443 ], [ 503974.786192747647874, 4790174.517922097817063 ], [ 503979.0287927481113, 4790172.325822096318007 ], [ 503980.533284335455392, 4790171.532185791060328 ], [ 503984.738084334938321, 4790169.26818579249084 ], [ 503986.15231277764542, 4790168.491940162144601 ], [ 503986.201112777634989, 4790168.464640161953866 ], [ 503990.391395684098825, 4790166.115903364494443 ], [ 503991.867638360883575, 4790165.271850703284144 ], [ 503995.993038360204082, 4790162.866350702941418 ], [ 503997.453745572420303, 4790161.997904953546822 ], [ 504001.537745572219137, 4790159.522604954428971 ], [ 504002.983294617035426, 4790158.629582065157592 ], [ 504007.024594617658295, 4790156.085282064042985 ], [ 504008.455624889582396, 4790155.167262851260602 ], [ 504012.453024889342487, 4790152.554662852548063 ], [ 504013.866589768091217, 4790151.613566786982119 ], [ 504017.81918976851739, 4790148.933366785757244 ], [ 504019.21823813271476, 4790147.967229257337749 ], [ 504023.124538132629823, 4790145.220329257659614 ], [ 504024.099310576217249, 4790144.526118093170226 ], [ 504025.702810575487092, 4790143.369618092663586 ], [ 504026.253861554083414, 4790142.969321141019464 ], [ 504027.84836155467201, 4790141.80272114276886 ], [ 504028.381904011708684, 4790141.409639252349734 ], [ 504029.967504011583515, 4790140.233339251950383 ], [ 504030.473236929508857, 4790139.855673774145544 ], [ 504032.050336929853074, 4790138.670173774473369 ], [ 504032.539035309106112, 4790138.300472263246775 ], [ 504034.107735308818519, 4790137.106172261759639 ], [ 504034.577182420529425, 4790136.746570070274174 ], [ 504036.1376824202016, 4790135.543870071880519 ], [ 504036.58562158345012, 4790135.196608970873058 ], [ 504038.138221583503764, 4790133.985908969305456 ], [ 504038.570436096691992, 4790133.646960060112178 ], [ 504040.11533609678736, 4790132.428560060448945 ], [ 504040.52262709045317, 4790132.105625745840371 ], [ 504042.060027090250514, 4790130.880125747062266 ], [ 504042.447020175983198, 4790130.570071572437882 ], [ 504043.977320176665671, 4790129.337771572172642 ], [ 504044.351578008558135, 4790129.034906070679426 ], [ 504045.874878008093219, 4790127.796106070280075 ], [ 504046.225456844083965, 4790127.509682496078312 ], [ 504047.742056843824685, 4790126.26488249655813 ], [ 504048.072205926058814, 4790125.992717420682311 ], [ 504049.582405926426873, 4790124.742317419499159 ], [ 504049.900807015772443, 4790124.477577874436975 ], [ 504051.404807015496772, 4790123.221777874976397 ], [ 504051.697044985834509, 4790122.976819787174463 ], [ 504053.195144986268133, 4790121.716219786554575 ], [ 504053.476333480910398, 4790121.478724013082683 ], [ 504054.968833480612375, 4790120.213424012996256 ], [ 504055.226700961706229, 4790119.994059823453426 ], [ 504056.713800962199457, 4790118.724659824743867 ], [ 504056.952351764426567, 4790118.520382603630424 ], [ 504058.434451764100231, 4790117.247182603925467 ], [ 504058.661352355440613, 4790117.051672024652362 ], [ 504060.138552355056163, 4790115.774972023442388 ], [ 504060.343748711165972, 4790115.597139664925635 ], [ 504061.816548711736687, 4790114.317239665426314 ], [ 504062.004433584399521, 4790114.153551690280437 ], [ 504063.472933583892882, 4790112.870951689779758 ], [ 504063.647258735320065, 4790112.718338305130601 ], [ 504065.11175873602042, 4790111.433238305151463 ], [ 504065.25878053199267, 4790111.303971610963345 ], [ 504066.719780531188007, 4790110.016871610656381 ], [ 504066.851440620375797, 4790109.900677292607725 ], [ 504067.043840620433912, 4790109.730577292852104 ], [ 504068.319927838514559, 4790108.60206210706383 ], [ 504068.435370513238013, 4790108.499810832552612 ], [ 504069.889870513230562, 4790107.209510832093656 ], [ 504069.990473993588239, 4790107.120143553242087 ], [ 504071.442273993510753, 4790105.828743552789092 ], [ 504071.528856604418252, 4790105.751636942848563 ], [ 504072.978056604100857, 4790104.459536943584681 ], [ 504074.492839095124509, 4790103.106547101400793 ], [ 504075.987016644270625, 4790101.770170083269477 ], [ 504077.468371923954692, 4790100.443894667550921 ], [ 504078.921404299326241, 4790099.142584322951734 ], [ 504123.780175910622347, 4790058.960787947289646 ], [ 504149.1503703717608, 4790036.235692908987403 ], [ 504158.822537714208011, 4790027.572001309134066 ], [ 504198.442755564465187, 4789992.082606173120439 ], [ 504209.273692587914411, 4789980.728031887672842 ], [ 504218.195026288041845, 4789967.818912668153644 ], [ 504224.987081709958147, 4789953.673116927035153 ], [ 504229.482614300679415, 4789938.638964449055493 ], [ 504231.570928064524196, 4789923.08664952032268 ], [ 504231.200601291668136, 4789907.399125429801643 ], [ 504228.380752744036727, 4789891.962674795649946 ], [ 504223.180817118554842, 4789877.157397915609181 ], [ 504215.728835318121128, 4789863.347853344865143 ], [ 504206.208301629289053, 4789850.874081169255078 ], [ 504198.201701629324816, 4789841.935681168921292 ], [ 504186.84716617729282, 4789831.104928294196725 ], [ 504173.938128008972853, 4789822.183750303462148 ], [ 504159.792447253188584, 4789815.391813972964883 ], [ 504144.758433973649517, 4789810.896357613615692 ], [ 504129.206271706323605, 4789808.808073155581951 ], [ 504113.518902405281551, 4789809.178380568511784 ], [ 504098.082597236556467, 4789811.998161748982966 ], [ 504083.277445396757685, 4789817.197985030710697 ], [ 504069.467995151178911, 4789824.64981481153518 ], [ 504056.994277536578011, 4789834.170164177194238 ], [ 504017.37937753618462, 4789869.654764177277684 ], [ 504007.704046072729398, 4789878.321392360143363 ], [ 503982.321370174468029, 4789901.057581198401749 ], [ 503937.481289723829832, 4789941.222640929743648 ], [ 503936.050225560960826, 4789942.504373203963041 ], [ 503934.633220152347349, 4789943.772939794696867 ], [ 503933.237115634372458, 4789945.021774676628411 ], [ 503931.857468522444833, 4789946.253972003236413 ], [ 503930.491671507596038, 4789947.471723108552396 ], [ 503929.143521216697991, 4789948.670973218046129 ], [ 503927.814105839352123, 4789949.85040043387562 ], [ 503926.499102954287082, 4789951.013142705895007 ], [ 503925.201261706126388, 4789952.156699535436928 ], [ 503923.917465389764402, 4789953.282997175119817 ], [ 503922.649297994910739, 4789954.390770186670125 ], [ 503921.399002385383938, 4789955.477218486368656 ], [ 503920.160965143237263, 4789956.547227249480784 ], [ 503918.941028768313117, 4789957.595271887257695 ], [ 503917.73339367529843, 4789958.626042436808348 ], [ 503916.539067213481758, 4789959.638545331545174 ], [ 503915.362406736239791, 4789960.628782657906413 ], [ 503914.202147148374934, 4789961.597536949440837 ], [ 503913.053851107019, 4789962.548311089165509 ], [ 503911.920438061410096, 4789963.478623889386654 ], [ 503910.801767317578197, 4789964.388299728743732 ], [ 503909.697940685902722, 4789965.277249694801867 ], [ 503908.607559609867167, 4789966.1463484140113 ], [ 503907.531184342282359, 4789966.995220037177205 ], [ 503906.469372977619059, 4789967.823204949498177 ], [ 503905.424081449920777, 4789968.62888830434531 ], [ 503904.391609850921668, 4789969.414872935973108 ], [ 503903.371397749113385, 4789970.181830883026123 ], [ 503902.367987899575382, 4789970.926170889288187 ], [ 503901.379047527327202, 4789971.649773179553449 ], [ 503900.606460773386061, 4789972.206995278596878 ], [ 503898.051737580564804, 4789974.003417383879423 ], [ 503895.673881364113186, 4789975.615824734792113 ], [ 503893.269963561557233, 4789977.186964804306626 ], [ 503890.839160707080737, 4789978.717314386740327 ], [ 503888.382739019987639, 4789980.206184275448322 ], [ 503885.902366239519324, 4789981.652466512285173 ], [ 503883.397692499915138, 4789983.056422882713377 ], [ 503880.868919929489493, 4789984.417900515720248 ], [ 503878.316397576127201, 4789985.736740390770137 ], [ 503875.742650450323708, 4789987.011645229533315 ], [ 503873.14785515179392, 4789988.242484699003398 ], [ 503870.532457159191836, 4789989.429091729223728 ], [ 503867.897532688162755, 4789990.570953054353595 ], [ 503865.2431072985637, 4789991.668057748116553 ], [ 503862.568825465859845, 4789992.720545440912247 ], [ 503861.846716308791656, 4789992.990682547912002 ], [ 503859.881275921012275, 4789993.725846730172634 ], [ 503857.174279926752206, 4789994.68627614248544 ], [ 503854.450788474874571, 4789995.600767987780273 ], [ 503851.712953291367739, 4789996.468627627938986 ], [ 503848.961734849843197, 4789997.289509115740657 ], [ 503846.195513992162887, 4789998.063897636719048 ], [ 503843.416935854591429, 4789998.791117867454886 ], [ 503840.625770184851717, 4789999.471185394562781 ], [ 503837.82575815304881, 4790000.103156536817551 ], [ 503835.013479043613188, 4790000.687804476357996 ], [ 503832.191541554755531, 4790001.224670072086155 ], [ 503829.36135314439889, 4790001.713383154012263 ], [ 503826.522932494117413, 4790002.154021649621427 ], [ 503823.6794950037729, 4790002.546055382117629 ], [ 503822.22456100420095, 4790002.721469815820456 ], [ 503820.82579101464944, 4790002.890169382095337 ], [ 503818.474067492992617, 4790003.133319539017975 ], [ 503815.008740872493945, 4790003.439083652570844 ], [ 503812.243242510885466, 4790003.630334597080946 ], [ 503809.375412416644394, 4790003.779649709351361 ], [ 503806.504188174265437, 4790003.880326063372195 ], [ 503803.633031887584366, 4790003.932147453539073 ], [ 503800.761172934260685, 4790003.935162792913616 ], [ 503797.889926246076357, 4790003.889371086843312 ], [ 503795.019475839624647, 4790003.794759494252503 ], [ 503792.151173160120379, 4790003.651404039934278 ], [ 503789.285252867673989, 4790003.459266178309917 ], [ 503786.422825348447077, 4790003.218484216369689 ], [ 503783.314421129587572, 4790002.903707375749946 ], [ 503782.367270396905951, 4790002.796348862349987 ], [ 503781.152171701192856, 4790002.650159922428429 ], [ 503779.910202921309974, 4790002.492463222704828 ], [ 503778.64879965124419, 4790002.324177785776556 ], [ 503777.363380384340417, 4790002.144597656093538 ], [ 503776.056218542042188, 4790001.954176928848028 ], [ 503774.724920636042953, 4790001.752422221004963 ], [ 503773.37166771752527, 4790001.539905956014991 ], [ 503771.996953082212713, 4790001.316538589075208 ], [ 503770.595780643692706, 4790001.081767675466835 ], [ 503769.175930428318679, 4790000.836892986670136 ], [ 503767.73150386242196, 4790000.580990642309189 ], [ 503766.265863107226323, 4790000.314857853576541 ], [ 503764.778806917311158, 4790000.038477771915495 ], [ 503763.264644106850028, 4789999.751032550819218 ], [ 503761.730048891622573, 4789999.453993051312864 ], [ 503760.176170262740925, 4789999.147681781090796 ], [ 503758.597866342461202, 4789998.831298892386258 ], [ 503756.99270482553402, 4789998.504614070989192 ], [ 503755.369122535688803, 4789998.169674130156636 ], [ 503753.724372639262583, 4789997.825942831113935 ], [ 503752.052224118553568, 4789997.472578111104667 ], [ 503750.358242254354991, 4789997.111003241501749 ], [ 503748.642838838917669, 4789996.741620070300996 ], [ 503746.906719577615149, 4789996.364852315746248 ], [ 503745.142748152080458, 4789995.979466468095779 ], [ 503743.356720737123396, 4789995.587289157323539 ], [ 503741.552352472906932, 4789995.18926393147558 ], [ 503739.720559788576793, 4789994.78384967893362 ], [ 503737.866678531747311, 4789994.372727250680327 ], [ 503735.991450833680574, 4789993.956340923905373 ], [ 503729.756672273681033, 4789992.571879208087921 ], [ 503729.723218777915463, 4789991.331571950577199 ], [ 503729.677618778077886, 4789990.810671950690448 ], [ 503726.654429069254547, 4789973.661614411510527 ], [ 503726.519129069056362, 4789973.15641441103071 ], [ 503720.55284800264053, 4789956.761734680272639 ], [ 503720.331848002737388, 4789956.287834680639207 ], [ 503711.614711289235856, 4789941.19066755566746 ], [ 503711.314711289422121, 4789940.762267555110157 ], [ 503700.112978029763326, 4789927.413221792317927 ], [ 503699.743278029141948, 4789927.043521792627871 ], [ 503686.394232647959143, 4789915.841788853518665 ], [ 503685.965832648333162, 4789915.541788852773607 ], [ 503670.868665173999034, 4789906.82465192861855 ], [ 503670.394765174365602, 4789906.60365192964673 ], [ 503654.000085755891632, 4789900.6373709756881 ], [ 503653.494885755411815, 4789900.502070974558592 ], [ 503639.470204385463148, 4789897.80191064439714 ], [ 503639.13740438548848, 4789897.76221064478159 ], [ 503633.566103260032833, 4789897.255197076126933 ], [ 503632.47800325974822, 4789897.186797076836228 ], [ 503627.988690336060245, 4789896.904676845297217 ], [ 503621.839176629378926, 4789896.518250846303999 ], [ 503605.985900175932329, 4789896.781512958928943 ], [ 503590.373506031872239, 4789899.547164842486382 ], [ 503575.394483043462969, 4789904.745679203420877 ], [ 503572.397442249173764, 4789906.354937658645213 ], [ 503562.535327561490703, 4789910.894731250591576 ], [ 503549.528460389643442, 4789919.563633754849434 ], [ 503542.307954546238761, 4789926.214395985938609 ], [ 503539.739927872898988, 4789925.761681206524372 ], [ 503539.219027873012237, 4789925.716081207618117 ], [ 503521.777572127175517, 4789925.716081207618117 ], [ 503521.256672127288766, 4789925.761681206524372 ], [ 503504.107614244625438, 4789928.784870974719524 ], [ 503503.602414244145621, 4789928.920170975849032 ], [ 503487.20773482567165, 4789934.886451929807663 ], [ 503486.733834826038219, 4789935.107451928779483 ], [ 503473.206679744820576, 4789942.747271060943604 ], [ 503472.867679745133501, 4789942.975171061232686 ], [ 503467.358951984497253, 4789946.95687931124121 ], [ 503465.758951983938459, 4789948.198279310949147 ], [ 503464.282352770853322, 4789949.366368751972914 ], [ 503464.192952770914417, 4789949.438468752428889 ], [ 503456.259221881278791, 4789956.567721881903708 ], [ 503455.889521881588735, 4789956.937421881593764 ], [ 503449.084350085700862, 4789965.047108814120293 ], [ 503448.037944621464703, 4789965.234888926148415 ], [ 503446.288684406899847, 4789965.563131342642009 ], [ 503443.124260664801113, 4789966.156866932287812 ], [ 503441.5720018876018, 4789966.460842510685325 ], [ 503436.671801887569018, 4789967.460742510855198 ], [ 503435.1225544292829, 4789967.789671191945672 ], [ 503431.30895442928886, 4789968.630971191450953 ], [ 503430.236211445706431, 4789968.867654284462333 ], [ 503428.696397932944819, 4789969.220165371894836 ], [ 503423.830397933488712, 4789970.37466537207365 ], [ 503422.295036203460768, 4789970.751787766814232 ], [ 503417.447836202802137, 4789971.98308776691556 ], [ 503415.914349823899101, 4789972.385595603846014 ], [ 503411.087249824486207, 4789973.693595604039729 ], [ 503409.564903268590569, 4789974.119049340486526 ], [ 503404.75920326821506, 4789975.503149339929223 ], [ 503403.239899032865651, 4789975.953794682398438 ], [ 503399.432619291474111, 4789977.115983245894313 ], [ 503398.458659031952266, 4789977.413265883922577 ], [ 503397.398360373626929, 4789977.743348428048193 ], [ 503395.45546037441818, 4789978.360048429109156 ], [ 503394.844090663420502, 4789978.556267308071256 ], [ 503392.905690663086716, 4789979.185267306864262 ], [ 503392.314458327891771, 4789979.379154006950557 ], [ 503390.380458327534143, 4789980.02005400788039 ], [ 503389.791617846116424, 4789980.217218482866883 ], [ 503387.86221784632653, 4789980.869918482378125 ], [ 503387.284571647760458, 4789981.067298289388418 ], [ 503385.35967164777685, 4789981.731598289683461 ], [ 503384.796088008733932, 4789981.927980018779635 ], [ 503382.875688008556608, 4789982.603580018505454 ], [ 503382.315806138271, 4789982.802418476901948 ], [ 503380.400006138661411, 4789983.489218476228416 ], [ 503379.851270006329287, 4789983.687745005823672 ], [ 503379.314569365931675, 4789983.883690021000803 ], [ 503378.590732564858627, 4789983.276288794353604 ], [ 503378.162332564301323, 4789982.976288793608546 ], [ 503363.065165173611604, 4789974.259151928126812 ], [ 503362.591265173978172, 4789974.038151929154992 ], [ 503346.196585467725527, 4789968.07187089882791 ], [ 503345.691385468177032, 4789967.936570899561048 ], [ 503328.542328211362474, 4789964.913381236605346 ], [ 503328.0214282105444, 4789964.867781235836446 ], [ 503310.579971773084253, 4789964.867781237699091 ], [ 503310.059071773197502, 4789964.913381238467991 ], [ 503292.910014531866182, 4789967.936570899561048 ], [ 503292.404814532317687, 4789968.07187089882791 ], [ 503276.514086482580751, 4789973.804838990792632 ], [ 503276.069786482024938, 4789974.009038990363479 ], [ 503268.812680347880814, 4789977.709563158452511 ], [ 503265.21168034808943, 4789979.734663158655167 ], [ 503263.809085105895065, 4789980.538433950394392 ], [ 503260.22578510583844, 4789982.630533950403333 ], [ 503258.834937173873186, 4789983.457738682627678 ], [ 503255.283337173983455, 4789985.609138682484627 ], [ 503253.90782650077017, 4789986.457630424760282 ], [ 503252.137609892117325, 4789987.569446264766157 ], [ 503250.481696287810337, 4789987.981763624586165 ], [ 503249.390796287625562, 4789988.273863623850048 ], [ 503246.023047907860018, 4789989.239143112674356 ], [ 503245.820547908195294, 4789989.301043113693595 ], [ 503242.418901350174565, 4789990.407757569104433 ], [ 503241.327501349907834, 4789990.78455756790936 ], [ 503237.70421306375647, 4789992.114274201914668 ], [ 503237.530713064188603, 4789992.181774202734232 ], [ 503234.597374404023867, 4789993.376812224276364 ], [ 503233.558374404150527, 4789993.819412224926054 ], [ 503230.32402932876721, 4789995.265416294336319 ], [ 503230.131929328199476, 4789995.355416294187307 ], [ 503226.963111795135774, 4789996.908793709240854 ], [ 503225.958011795417406, 4789997.423693708144128 ], [ 503223.241443034028634, 4789998.868544170632958 ], [ 503223.083043033955619, 4789998.955944171175361 ], [ 503219.669240329763852, 4790000.92833826970309 ], [ 503218.676640330231749, 4790001.528238269500434 ], [ 503215.673621403751895, 4790003.416700929403305 ], [ 503215.496221403358504, 4790003.532700929790735 ], [ 503212.562333266367204, 4790005.526306098327041 ], [ 503211.639633266371675, 4790006.177506098523736 ], [ 503208.773521575087216, 4790008.277539492584765 ], [ 503208.604921574646141, 4790008.405739492736757 ], [ 503205.844655823137145, 4790010.582201020792127 ], [ 503204.955255823384505, 4790011.309201020747423 ], [ 503202.039532804745249, 4790013.787078958936036 ], [ 503201.895532805356197, 4790013.914278958924115 ], [ 503199.518073651997838, 4790016.083467699587345 ], [ 503198.696173651202116, 4790016.857967698946595 ], [ 503196.189808455412276, 4790019.304051963612437 ], [ 503196.040808456134982, 4790019.454651962965727 ], [ 503193.581253576790914, 4790022.030804453417659 ], [ 503192.816053576534614, 4790022.86140445433557 ], [ 503191.261559308157302, 4790024.588604523800313 ], [ 503191.169859308400191, 4790024.692904523573816 ], [ 503188.912149853480514, 4790027.353016613982618 ], [ 503188.865949852799531, 4790027.40941661503166 ], [ 503188.081998687237501, 4790028.378710374236107 ], [ 503187.377298687584698, 4790029.261210372671485 ], [ 503185.226539791736286, 4790032.05419100727886 ], [ 503185.10033979191212, 4790032.224191007204354 ], [ 503183.044718817516696, 4790035.097974770702422 ], [ 503182.404018817178439, 4790036.027974772267044 ], [ 503180.445678313728422, 4790038.981246899813414 ], [ 503180.331878314260393, 4790039.159646898508072 ], [ 503180.052622024551965, 4790039.614888755604625 ], [ 503174.518774376192596, 4790043.670243920758367 ], [ 503171.897981741582043, 4790045.657900113612413 ], [ 503171.742881741491146, 4790045.779600113630295 ], [ 503162.762821970740333, 4790053.741221792064607 ], [ 503162.393121970118955, 4790054.110921791754663 ], [ 503151.19138871046016, 4790067.459967554546893 ], [ 503150.891388710646424, 4790067.888367555104196 ], [ 503142.174251997144893, 4790082.985534680075943 ], [ 503141.95325199724175, 4790083.459434679709375 ], [ 503137.601106046990026, 4790095.418649842962623 ], [ 503113.595037474005949, 4790119.444818672724068 ], [ 503103.409005974652246, 4790131.38124122004956 ], [ 503095.215650297526736, 4790144.764153596013784 ], [ 503089.216718242270872, 4790159.264023772440851 ], [ 503085.559923565015197, 4790174.523816484026611 ], [ 503084.773838145949412, 4790184.565745856612921 ], [ 503084.088870930951089, 4790186.915614410303533 ], [ 503083.953570930752903, 4790187.42081441078335 ], [ 503082.913620495644864, 4790191.674528187140822 ], [ 503082.857120495697018, 4790191.92972818762064 ], [ 503081.326303325593472, 4790200.66224055364728 ], [ 503081.29130332544446, 4790200.931640552356839 ], [ 503080.965821215475444, 4790203.974574738182127 ], [ 503080.320998786424752, 4790204.760470168665051 ], [ 503053.50796049553901, 4790237.442120138555765 ] ] ], [ [ [ 584327.65054912713822, 4791180.528679054230452 ], [ 584327.8210739599308, 4791181.909683145582676 ], [ 584339.348589575383812, 4791270.2102091005072 ], [ 584339.133704850799404, 4791274.912851547822356 ], [ 584339.069466310087591, 4791276.64948056358844 ], [ 584338.687566037173383, 4791290.148072736337781 ], [ 584338.653515486395918, 4791291.885555827058852 ], [ 584338.506244815886021, 4791305.388746184296906 ], [ 584338.502392538473941, 4791307.126558627933264 ], [ 584338.589795946143568, 4791320.630269195884466 ], [ 584338.616143105435185, 4791322.367886172607541 ], [ 584338.938194195390679, 4791335.868038821965456 ], [ 584338.994732834631577, 4791337.604935569688678 ], [ 584339.551334347226657, 4791351.097453244961798 ], [ 584339.638047391548753, 4791352.833105220459402 ], [ 584340.429031232837588, 4791366.313913172110915 ], [ 584340.545892494963482, 4791368.04779620654881 ], [ 584341.571019787224941, 4791381.51282322127372 ], [ 584341.7179939749185, 4791383.244413680396974 ], [ 584342.976955128950067, 4791396.689593310467899 ], [ 584343.15399785595946, 4791398.418368253856897 ], [ 584344.646412664675154, 4791411.839640044607222 ], [ 584344.853470463654958, 4791413.565077379345894 ], [ 584346.578888216638006, 4791426.958388099446893 ], [ 584346.815898556727916, 4791428.679966744966805 ], [ 584348.773798176902346, 4791442.041271604597569 ], [ 584349.040689480025321, 4791443.758471639826894 ], [ 584351.230479680001736, 4791457.083735514432192 ], [ 584351.527171345194802, 4791458.796038346365094 ], [ 584353.948190807015635, 4791472.081236998550594 ], [ 584354.274593233130872, 4791473.788125508464873 ], [ 584356.926110807224177, 4791487.029246798716486 ], [ 584357.282125420402735, 4791488.730205506086349 ], [ 584360.163340346538462, 4791501.923250606283545 ], [ 584360.548859630478546, 4791503.617765822447836 ], [ 584363.658901779912412, 4791516.758750423789024 ], [ 584364.073809306952171, 4791518.446310399100184 ], [ 584367.411739444592968, 4791531.531265915371478 ], [ 584367.855909912963398, 4791533.211361010558903 ], [ 584371.420719981775619, 4791546.23633577581495 ], [ 584371.894019250874408, 4791547.908458596095443 ], [ 584375.684632675605826, 4791560.869519059546292 ], [ 584376.186917810002342, 4791562.533164628781378 ], [ 584380.202189822914079, 4791575.426396540366113 ], [ 584380.73330913099926, 4791577.081062431447208 ], [ 584384.972027117037214, 4791589.902572026476264 ], [ 584385.53182020096574, 4791591.547758530825377 ], [ 584389.992704064352438, 4791604.293673704378307 ], [ 584390.581001865677536, 4791605.928883974440396 ], [ 584395.262704416527413, 4791618.595355452038348 ], [ 584395.879329269519076, 4791620.220095653086901 ], [ 584400.780436630360782, 4791632.803298151120543 ], [ 584401.425202313577756, 4791634.417077610269189 ], [ 584406.544234346481971, 4791646.913210992701352 ], [ 584407.216946140746586, 4791648.515542348846793 ], [ 584412.552356894593686, 4791660.920832774601877 ], [ 584413.252811640035361, 4791662.51123212184757 ], [ 584418.802989817108028, 4791674.821933184750378 ], [ 584419.530975975096226, 4791676.399920218624175 ], [ 584425.294245417695493, 4791688.612314078956842 ], [ 584426.049543137429282, 4791690.177412251010537 ], [ 584428.678073247661814, 4791695.505373873747885 ], [ 584444.876740234787576, 4791746.541437895968556 ], [ 584462.363317628041841, 4791804.37724831700325 ], [ 584479.05422196094878, 4791862.447680271230638 ], [ 584493.271068743430078, 4791914.596809112466872 ], [ 584501.099701686413027, 4791976.763417935930192 ], [ 584508.633605426177382, 4792045.276372715830803 ], [ 584515.0877264959272, 4792113.899466497823596 ], [ 584520.460464454488829, 4792182.615682677365839 ], [ 584524.750487013719976, 4792251.407981557771564 ], [ 584527.95673036808148, 4792320.259304580278695 ], [ 584530.078399460064247, 4792389.15257856529206 ], [ 584531.126809495151974, 4792458.858011464588344 ], [ 584531.752728168619797, 4792468.62530296575278 ], [ 584535.493677290622145, 4792501.604201386682689 ], [ 584535.703027432668023, 4792503.317585092969239 ], [ 584540.01265540602617, 4792536.226999371312559 ], [ 584540.251548421452753, 4792537.936514313332736 ], [ 584545.1285711878445, 4792570.766639051958919 ], [ 584545.396935897879303, 4792572.471775876358151 ], [ 584550.839900342631154, 4792605.212829302996397 ], [ 584551.13765678810887, 4792606.913079963997006 ], [ 584557.144941174075939, 4792639.55530684441328 ], [ 584557.472000637906604, 4792641.250164748169482 ], [ 584564.041815087897703, 4792673.783839294686913 ], [ 584564.398080122307874, 4792675.472799458540976 ], [ 584571.528467152733356, 4792707.888228226453066 ], [ 584571.913831608253531, 4792709.570787420496345 ], [ 584579.602666712366045, 4792741.858312197029591 ], [ 584580.017015769379213, 4792743.533969104290009 ], [ 584588.262008050107397, 4792775.683969783596694 ], [ 584588.705218252609484, 4792777.352225136943161 ], [ 584597.503911105217412, 4792809.355122591368854 ], [ 584597.975850398070179, 4792811.01547933369875 ], [ 584607.325622242176905, 4792842.861738264560699 ], [ 584607.826150010921992, 4792844.513701690360904 ], [ 584617.724215071531944, 4792876.193833468481898 ], [ 584619.72628201788757, 4792881.97430379781872 ], [ 584624.335044003673829, 4792894.071131715551019 ], [ 584628.442873844411224, 4792905.436811766587198 ], [ 584632.354666998144239, 4792916.871444393880665 ], [ 584636.069266829174012, 4792928.371648616157472 ], [ 584639.585575007484294, 4792939.934024061076343 ], [ 584642.902551826555282, 4792951.555151950567961 ], [ 584646.019216538290493, 4792963.231596204452217 ], [ 584648.934647597954609, 4792974.959904296323657 ], [ 584651.647982977912761, 4792986.736608429811895 ], [ 584654.158420397201553, 4792998.558226459659636 ], [ 584656.465217576362193, 4793010.421263 ], [ 584658.567692437209189, 4793022.322210367769003 ], [ 584660.465223326697014, 4793034.257549725472927 ], [ 584662.157249182113446, 4793046.223752031102777 ], [ 584663.643269704538397, 4793058.217279111035168 ], [ 584664.922845511697233, 4793070.234584752470255 ], [ 584665.995598257868551, 4793082.272115675732493 ], [ 584666.861210751812905, 4793094.326312622986734 ], [ 584667.51942704920657, 4793106.39361141063273 ], [ 584667.954021285520867, 4793118.040804158896208 ], [ 584668.241915580467321, 4793143.06832033302635 ], [ 584668.075358789996244, 4793154.722428182139993 ], [ 584667.694902884075418, 4793166.80167493969202 ], [ 584667.106804277049378, 4793178.872594085521996 ], [ 584666.311236857553013, 4793190.931616493500769 ], [ 584665.308435857528821, 4793202.975176573731005 ], [ 584664.098697786103003, 4793214.999713270924985 ], [ 584662.682380338432267, 4793227.001671180129051 ], [ 584661.059902286622673, 4793238.977501597255468 ], [ 584659.231743367621675, 4793250.923663488589227 ], [ 584657.198444129549898, 4793262.836624628864229 ], [ 584654.960605774191208, 4793274.712862614542246 ], [ 584652.518889987259172, 4793286.548865870572627 ], [ 584649.874018733389676, 4793298.341134738177061 ], [ 584647.026774046127684, 4793310.086182489059865 ], [ 584643.761094107176177, 4793322.612525417469442 ], [ 584642.826670804060996, 4793326.516053452156484 ], [ 584629.855340476962738, 4793385.947415460832417 ], [ 584616.103912147693336, 4793444.366283064708114 ], [ 584601.402272858424112, 4793502.553289139643312 ], [ 584585.754327383241616, 4793560.492979142814875 ], [ 584569.164231841336004, 4793618.169964198954403 ], [ 584551.6363925866317, 4793675.568925214931369 ], [ 584535.542316691251472, 4793725.353170040994883 ], [ 584535.23879252828192, 4793725.932712544687092 ], [ 584534.45618199580349, 4793727.458708881400526 ], [ 584530.344536717748269, 4793735.648112188093364 ], [ 584529.588210782152601, 4793737.187305222265422 ], [ 584525.617611322668381, 4793745.446015373803675 ], [ 584524.887792441179045, 4793746.997952384874225 ], [ 584521.059406610787846, 4793755.323540373705328 ], [ 584520.356309428694658, 4793756.88776492420584 ], [ 584516.671263210941106, 4793765.277782075107098 ], [ 584515.995094520738348, 4793766.853834101930261 ], [ 584512.454471740638837, 4793775.305812790058553 ], [ 584511.805430411361158, 4793776.893228757195175 ], [ 584508.410272417124361, 4793785.404683134518564 ], [ 584507.788549342309125, 4793787.002996157854795 ], [ 584504.539854698814452, 4793795.571422883309424 ], [ 584503.945632737944834, 4793797.180162871256471 ], [ 584500.844356933259405, 4793805.803041845560074 ], [ 584500.277810854138806, 4793807.421735648065805 ], [ 584497.324866017908789, 4793816.096530758775771 ], [ 584496.786162447882816, 4793817.72470230050385 ], [ 584493.982417084043846, 4793826.448862166143954 ], [ 584493.471714467043057, 4793828.086032569408417 ], [ 584490.817993197240867, 4793836.856991288252175 ], [ 584490.335441737086512, 4793838.502679038792849 ], [ 584487.832525058998726, 4793847.317856945097446 ], [ 584487.378266678890213, 4793848.971578031778336 ], [ 584485.026890736655332, 4793857.828382455743849 ], [ 584484.601059044362046, 4793859.489650481380522 ], [ 584482.401915411115624, 4793868.385476508177817 ], [ 584482.004635646240786, 4793870.053802882321179 ], [ 584479.958371122134849, 4793878.986034122295678 ], [ 584479.589760132832453, 4793880.660928157158196 ], [ 584477.69697655364871, 4793889.626937511377037 ], [ 584477.357142752385698, 4793891.30790660250932 ], [ 584475.618396813049912, 4793900.305057039484382 ], [ 584475.307440150412731, 4793901.991606786847115 ], [ 584473.723243241198361, 4793911.017252114601433 ], [ 584473.441255174344406, 4793912.708886477164924 ], [ 584472.012073230231181, 4793921.760372122749686 ], [ 584471.759136695181951, 4793923.456593573093414 ], [ 584470.485390059300698, 4793932.53125736489892 ], [ 584470.26157944870647, 4793934.231567013077438 ], [ 584469.143642748356797, 4793943.326739960350096 ], [ 584468.949023888097145, 4793945.030637726187706 ], [ 584467.987225924385712, 4793954.1436448097229 ], [ 584467.821856054477394, 4793955.850629549473524 ], [ 584467.016479706275277, 4793964.978790501132607 ], [ 584466.880407464806922, 4793966.688360165804625 ], [ 584466.231689604697749, 4793975.828990262933075 ], [ 584466.124955012113787, 4793977.540642044506967 ], [ 584465.633086437475868, 4793986.691052894107997 ], [ 584465.555720886099152, 4793988.404283371753991 ], [ 584465.220846262644045, 4793997.561783708631992 ], [ 584465.17287250678055, 4793999.276088993065059 ], [ 584464.995090325712226, 4794008.437985462136567 ], [ 584464.976522475131787, 4794010.152861355803907 ], [ 584464.955885024974123, 4794019.316459313035011 ], [ 584464.966728540719487, 4794021.031401443295181 ], [ 584465.10324189113453, 4794030.194005741737783 ], [ 584465.143493584124371, 4794031.908509721979499 ], [ 584465.437117584631778, 4794041.067425508052111 ], [ 584465.506765616009943, 4794042.780987075529993 ], [ 584465.957413907512091, 4794051.933520579710603 ], [ 584466.056437792954966, 4794053.645635752938688 ], [ 584466.663977833348326, 4794062.789095082320273 ], [ 584466.792348448536359, 4794064.499260302633047 ], [ 584467.556601551594213, 4794073.63095623627305 ], [ 584467.714281140593812, 4794075.338668517768383 ], [ 584468.635022528236732, 4794084.455915290862322 ], [ 584468.821964715607464, 4794086.160672375001013 ], [ 584469.898923584725708, 4794095.260788474231958 ], [ 584470.115073387976736, 4794096.96208896394819 ], [ 584471.347932989359833, 4794106.042397913523018 ], [ 584471.593226835364476, 4794107.739741432480514 ], [ 584472.98162456729915, 4794116.797572583891451 ], [ 584473.148068698705174, 4794117.824563626199961 ], [ 584473.147327647078782, 4794117.862987259402871 ], [ 584473.057575260405429, 4794126.134595734998584 ], [ 584473.0534992859466, 4794127.821316317655146 ], [ 584473.103274034918286, 4794136.093261960893869 ], [ 584473.127647974761203, 4794137.779811351560056 ], [ 584473.316935698268935, 4794146.049740759655833 ], [ 584473.369752617902122, 4794147.735639128834009 ], [ 584473.6984994628001, 4794156.001199470832944 ], [ 584473.779744335566647, 4794157.685967170633376 ], [ 584474.247856771806255, 4794165.944806858897209 ], [ 584474.357506483327597, 4794167.627964568324387 ], [ 584474.964851331082173, 4794175.877733929082751 ], [ 584475.10287468531169, 4794177.558802782557905 ], [ 584475.849279152229428, 4794185.797154719009995 ], [ 584476.015636881347746, 4794187.475656446069479 ], [ 584476.900888612261042, 4794195.700247111730278 ], [ 584477.095533386105672, 4794197.375704165548086 ], [ 584478.119380522985011, 4794205.584193631075323 ], [ 584478.342256965232082, 4794207.25612934678793 ], [ 584479.50440821936354, 4794215.446182259358466 ], [ 584479.755452919751406, 4794217.114120953716338 ], [ 584481.055577653925866, 4794225.283407209441066 ], [ 584481.334719189209864, 4794226.946874351240695 ], [ 584482.772447512368672, 4794235.093069753609598 ], [ 584483.079606466577388, 4794236.751592083834112 ], [ 584484.65452933893539, 4794244.872379004023969 ], [ 584484.989618323161267, 4794246.525484658777714 ], [ 584486.701287672389299, 4794254.618552698753774 ], [ 584487.064211353077553, 4794256.265771368518472 ], [ 584488.912140201893635, 4794264.3288180148229 ], [ 584489.302795324241742, 4794265.969681050628424 ], [ 584491.286457928828895, 4794274.000412332825363 ], [ 584491.704733351711184, 4794275.634452911093831 ], [ 584493.823565351660363, 4794283.630584050901234 ], [ 584494.269342071725987, 4794285.257337272167206 ], [ 584496.522740650223568, 4794293.216593337245286 ], [ 584496.995891844737343, 4794294.835596391931176 ], [ 584499.383215900277719, 4794302.75571293849498 ], [ 584499.88360695366282, 4794304.366505205631256 ], [ 584502.404177282121964, 4794312.24522892665118 ], [ 584502.931665831827559, 4794313.847352133132517 ], [ 584505.584765320294537, 4794321.682441498152912 ], [ 584506.139201291953214, 4794323.27543982770294 ], [ 584508.924075122107752, 4794331.064665720798075 ], [ 584509.505300780525431, 4794332.648085969500244 ], [ 584512.421156643889844, 4794340.389232320711017 ], [ 584513.029006620985456, 4794341.962623981758952 ], [ 584516.075014943955466, 4794349.653488404117525 ], [ 584516.709316312684678, 4794351.21640386339277 ], [ 584518.460256600053981, 4794355.428414385765791 ], [ 584542.797433274216019, 4794522.471680574119091 ], [ 584546.27107974269893, 4794537.774195671081543 ], [ 584552.095800621900707, 4794552.344913387671113 ], [ 584560.128171952906996, 4794565.825054296292365 ], [ 584570.170410095364787, 4794577.882692588493228 ], [ 584581.975241818116046, 4794588.22092919331044 ], [ 584595.251992986071855, 4794596.585202414542437 ], [ 584609.673745922511443, 4794602.76955608651042 ], [ 584624.885389206930995, 4794606.621710896492004 ], [ 584640.51236169738695, 4794608.046814008615911 ], [ 584656.169875468011014, 4794607.009774656035006 ], [ 584671.472390565555543, 4794603.536128187552094 ], [ 584686.043108282028697, 4794597.711407308466733 ], [ 584699.523249190067872, 4794589.679035977460444 ], [ 584711.580887482268736, 4794579.636797834187746 ], [ 584721.919124086969532, 4794567.831966111436486 ], [ 584730.283397308317944, 4794554.555214944295585 ], [ 584736.467750980169512, 4794540.133462007157505 ], [ 584740.319905790500343, 4794524.921818722970784 ], [ 584741.745008903206326, 4794509.29484623298049 ], [ 584740.707969549926929, 4794493.637332461774349 ], [ 584714.482848303043284, 4794313.635766630060971 ], [ 584711.694895331864245, 4794300.633103093132377 ], [ 584707.206300894962624, 4794288.115337286144495 ], [ 584704.239455091184936, 4794281.304797725751996 ], [ 584701.711643791059032, 4794275.223969115875661 ], [ 584699.28675532178022, 4794269.101369805634022 ], [ 584696.96547957113944, 4794262.938741696067154 ], [ 584694.748476940207183, 4794256.737838046625257 ], [ 584692.636378191527911, 4794250.500423084944487 ], [ 584690.629784225369804, 4794244.228271380998194 ], [ 584688.729265914997086, 4794237.923167354427278 ], [ 584686.935363975237124, 4794231.586904861032963 ], [ 584685.248588780174032, 4794225.221286604180932 ], [ 584683.669420218444429, 4794218.828123603947461 ], [ 584682.19830757053569, 4794212.409234743565321 ], [ 584680.835669381660409, 4794205.966446257196367 ], [ 584679.581893316935748, 4794199.501591091044247 ], [ 584678.43733609165065, 4794193.016508578322828 ], [ 584677.402323333895765, 4794186.513043737970293 ], [ 584676.477149504236877, 4794179.993046800605953 ], [ 584675.662077825865708, 4794173.458372780121863 ], [ 584674.957340185181238, 4794166.910880785435438 ], [ 584674.363137084874325, 4794160.352433618158102 ], [ 584673.87963757943362, 4794153.784897200763226 ], [ 584673.506979224272072, 4794147.210139994509518 ], [ 584673.245268043596298, 4794140.630032563582063 ], [ 584673.094578495249152, 4794134.046446981839836 ], [ 584673.054953450802714, 4794127.461256298236549 ], [ 584673.126404183916748, 4794120.876334032043815 ], [ 584673.332284268923104, 4794113.450484819710255 ], [ 584671.941872805356979, 4794093.834992953576148 ], [ 584670.542786584701389, 4794085.647570938803256 ], [ 584669.414237753837369, 4794078.284979859367013 ], [ 584668.412116944557056, 4794070.904117883183062 ], [ 584667.536718889838085, 4794063.507155790925026 ], [ 584666.788301061373204, 4794056.096269169822335 ], [ 584666.167083577835001, 4794048.67363765463233 ], [ 584665.67324914818164, 4794041.241444344632328 ], [ 584665.306943016708829, 4794033.801875163801014 ], [ 584665.068272919277661, 4794026.35711819678545 ], [ 584664.957309051649645, 4794018.90936303883791 ], [ 584664.97408405051101, 4794011.460800199769437 ], [ 584665.118592981831171, 4794004.013620397076011 ], [ 584665.390793343191035, 4793996.570013966411352 ], [ 584665.790605077170767, 4793989.132170165888965 ], [ 584666.317910592653789, 4793981.702276584692299 ], [ 584666.972554802894592, 4793974.282518441788852 ], [ 584667.754345164285041, 4793966.875078033655882 ], [ 584668.663051747018471, 4793959.482133937999606 ], [ 584669.698407278512605, 4793952.105860596522689 ], [ 584670.860107256681658, 4793944.748427401296794 ], [ 584672.147809999878518, 4793937.411998338066041 ], [ 584673.56113677949179, 4793930.09873113501817 ], [ 584675.099671916454099, 4793922.810776726342738 ], [ 584676.762962904176675, 4793915.550278610549867 ], [ 584678.550520541961305, 4793908.319372217170894 ], [ 584680.461819091928191, 4793901.120184223167598 ], [ 584682.496296408469789, 4793893.954832036048174 ], [ 584684.653354115434922, 4793886.825423113070428 ], [ 584686.932357807876542, 4793879.73405425902456 ], [ 584689.332637180923484, 4793872.682811203412712 ], [ 584691.853486287989654, 4793865.673767786473036 ], [ 584694.49416370713152, 4793858.708985480479896 ], [ 584697.253892776556313, 4793851.790512729436159 ], [ 584700.131861819769256, 4793844.920384356752038 ], [ 584703.127224396099336, 4793838.100620939396322 ], [ 584706.239099505939521, 4793831.333228313364089 ], [ 584709.466571916709654, 4793824.620196834206581 ], [ 584712.808692378690466, 4793817.963500910438597 ], [ 584716.662326055229641, 4793810.605455715209246 ], [ 584723.22779784060549, 4793794.970482329837978 ], [ 584742.190050378674641, 4793736.314028305932879 ], [ 584742.678705893573351, 4793734.759284006431699 ], [ 584760.682531188707799, 4793675.801596681587398 ], [ 584761.145784544758499, 4793674.239095360040665 ], [ 584778.186400755657814, 4793614.995833978056908 ], [ 584778.62412891164422, 4793613.425990638323128 ], [ 584794.69701002666261, 4793553.912890293635428 ], [ 584795.109096721746027, 4793552.336121886968613 ], [ 584810.209973760996945, 4793492.568989342078567 ], [ 584810.596309544169344, 4793490.985714661888778 ], [ 584814.788285977207124, 4793473.177345206029713 ], [ 584815.602733164327219, 4793474.377256780862808 ], [ 584816.558057687827386, 4793475.759583132341504 ], [ 584824.927467865287326, 4793487.654938201420009 ], [ 584825.905884187319316, 4793489.021017470397055 ], [ 584834.473985651740804, 4793500.774065426550806 ], [ 584836.013856217148714, 4793502.830325243994594 ], [ 584874.794660605024546, 4793553.25302127096802 ], [ 584912.227835252298974, 4793603.645916949026287 ], [ 584948.812834171345457, 4793654.657919058576226 ], [ 584985.015447994926944, 4793706.962505979463458 ], [ 584995.648107937187888, 4793719.86786469258368 ], [ 585009.742852776194923, 4793734.320955226197839 ], [ 585010.931968964636326, 4793735.519883043132722 ], [ 585025.268752850708552, 4793749.732915297150612 ], [ 585026.477944077108987, 4793750.911593288183212 ], [ 585041.052678983658552, 4793764.880514522083104 ], [ 585042.281600451213308, 4793766.038606592454016 ], [ 585057.090130501310341, 4793779.75943367369473 ], [ 585058.33843179536052, 4793780.896609603427351 ], [ 585073.376534447656013, 4793794.365430140867829 ], [ 585074.643859625328332, 4793795.481365675106645 ], [ 585089.907246877090074, 4793808.694339134730399 ], [ 585091.19323457009159, 4793809.78871607221663 ], [ 585106.677554180845618, 4793822.742074873298407 ], [ 585107.981837695348077, 4793823.8145811567083 ], [ 585123.682674426818267, 4793836.504631746560335 ], [ 585125.004881860222667, 4793837.554961562156677 ], [ 585140.917758736526594, 4793849.978085467591882 ], [ 585142.257513069547713, 4793851.005939320661128 ], [ 585158.377892652642913, 4793863.158594180829823 ], [ 585159.734811868867837, 4793864.163678990676999 ], [ 585176.058097553090192, 4793876.042399565689266 ], [ 585177.431794726289809, 4793877.02442873083055 ], [ 585193.953332048840821, 4793888.625827894546092 ], [ 585195.343415492796339, 4793889.584521406330168 ], [ 585212.058493460994214, 4793900.90529110468924 ], [ 585213.464566793991253, 4793901.840375592000782 ], [ 585230.368419228005223, 4793912.87728779297322 ], [ 585231.790081525105052, 4793913.788496628403664 ], [ 585248.877888418151997, 4793924.538404238410294 ], [ 585250.314734295010567, 4793925.425477591343224 ], [ 585267.581623186473735, 4793935.885315355844796 ], [ 585269.033242947072722, 4793936.74800029117614 ], [ 585286.474290312966332, 4793946.914785664528608 ], [ 585287.94027003319934, 4793947.752836190164089 ], [ 585305.550502689089626, 4793957.623670189641416 ], [ 585308.13343793572858, 4793959.022000906057656 ], [ 585348.628809907124378, 4793980.182070111855865 ], [ 585350.02000080246944, 4793980.895222172141075 ], [ 585390.841215663240291, 4794001.419649014249444 ], [ 585392.243385130423121, 4794002.110965698957443 ], [ 585433.380466184113175, 4794021.994734010659158 ], [ 585434.793271529604681, 4794022.664046362042427 ], [ 585476.236164881731384, 4794041.902296555228531 ], [ 585477.65926081861835, 4794042.549440994858742 ], [ 585519.397837834549136, 4794061.137471244670451 ], [ 585520.830876557156444, 4794061.762289609760046 ], [ 585562.854936337214895, 4794079.695557005703449 ], [ 585564.297567611793056, 4794080.297896590083838 ], [ 585606.596839484293014, 4794097.572018245235085 ], [ 585608.048710732953623, 4794098.151731837540865 ], [ 585650.612856764346361, 4794114.76248595956713 ], [ 585652.073613147134893, 4794115.319431878626347 ], [ 585686.124645920819603, 4794127.998186566866934 ], [ 585779.737046343972906, 4794184.496106062084436 ], [ 585879.730036856257357, 4794246.991725132800639 ], [ 585978.068140304065309, 4794310.605876781046391 ], [ 586015.633151250658557, 4794336.620997754856944 ], [ 586053.410010908497497, 4794363.685282525606453 ], [ 586090.749976361403242, 4794391.34922326169908 ], [ 586127.643529811408371, 4794419.605768544599414 ], [ 586164.081267268396914, 4794448.447715917602181 ], [ 586200.053900874103419, 4794477.867713662795722 ], [ 586235.552261414239183, 4794507.858262792229652 ], [ 586270.56730048765894, 4794538.411718829534948 ], [ 586305.09009292779956, 4794569.520293842069805 ], [ 586339.11183905065991, 4794601.176058413460851 ], [ 586373.199548395699821, 4794633.923998817801476 ], [ 586389.979183396790177, 4794646.920782248489559 ], [ 586509.958114280481823, 4794720.928820666857064 ], [ 586628.885426383581944, 4794796.615200323052704 ], [ 586643.364914609817788, 4794804.242707055993378 ], [ 586695.081723506678827, 4794826.286551353521645 ], [ 586696.517264245892875, 4794826.885288900695741 ], [ 586748.570676522445865, 4794848.122088665142655 ], [ 586750.015356085263193, 4794848.698426086455584 ], [ 586802.392778647714294, 4794869.123043576255441 ], [ 586803.846247530076653, 4794869.67684144154191 ], [ 586856.535008897772059, 4794889.284335401840508 ], [ 586857.996915463590994, 4794889.815459729172289 ], [ 586910.984268834814429, 4794908.601086591370404 ], [ 586912.454259415506385, 4794909.109408891759813 ], [ 586965.727385751437396, 4794927.068623915314674 ], [ 586967.205104712978937, 4794927.554021209478378 ], [ 587020.75111583864782, 4794944.682479587383568 ], [ 587022.236205683089793, 4794945.144834445789456 ], [ 587076.042147405561991, 4794961.438392352312803 ], [ 587081.710110147017986, 4794962.974608003161848 ], [ 587111.276072270586155, 4794970.063080623745918 ], [ 587112.922407648526132, 4794970.443112643435597 ], [ 587142.603914041188546, 4794977.031036340631545 ], [ 587144.256435318733566, 4794977.38319815415889 ], [ 587174.045012372080237, 4794983.468692177906632 ], [ 587175.703247774275951, 4794983.792883248068392 ], [ 587205.590391312609427, 4794989.374210285954177 ], [ 587207.253867449937388, 4794989.670338062569499 ], [ 587237.231045158579946, 4794994.745904730632901 ], [ 587238.899287122534588, 4794995.013884672895074 ], [ 587268.957940983236767, 4794999.582241977564991 ], [ 587270.630472526536323, 4794999.821997582912445 ], [ 587300.762021261150949, 4795003.881841327995062 ], [ 587302.438364896108396, 4795004.093304147012532 ], [ 587332.634206415968947, 4795007.643475310876966 ], [ 587334.313883576309308, 4795007.826584977097809 ], [ 587364.565397438011132, 4795010.866070040501654 ], [ 587366.247928602038883, 4795011.020774277858436 ], [ 587396.546478469041176, 4795013.548705514520407 ], [ 587398.231383290956728, 4795013.674960156902671 ], [ 587428.5683193980949, 4795015.690615884028375 ], [ 587430.255116879823618, 4795015.788384888321161 ], [ 587460.621778503758833, 4795017.291189664974809 ], [ 587462.309987077023834, 4795017.360445119440556 ], [ 587492.697705007973127, 4795018.349969919770956 ], [ 587494.386842722189613, 4795018.390692053362727 ], [ 587524.78694173914846, 4795018.866654383018613 ], [ 587526.476526367594488, 4795018.878831569105387 ], [ 587556.880327715072781, 4795018.841095549054444 ], [ 587558.569876917987131, 4795018.824724312871695 ], [ 587588.968700783327222, 4795018.273300713859499 ], [ 587590.657732205349021, 4795018.228385727852583 ], [ 587621.042900196975097, 4795017.163431975059211 ], [ 587622.730931654456072, 4795017.089986062608659 ], [ 587653.093769279541448, 4795015.511806183494627 ], [ 587654.780318870558403, 4795015.409850310534239 ], [ 587685.112158011063002, 4795013.318894849158823 ], [ 587686.796744238235988, 4795013.18845812510699 ], [ 587717.088925625546835, 4795010.585324019193649 ], [ 587718.771067582536489, 4795010.42644368018955 ], [ 587749.014943270012736, 4795007.311874081380665 ], [ 587750.694160715094768, 4795007.124595485627651 ], [ 587780.881096546421759, 4795003.499479557387531 ], [ 587782.556910098646767, 4795003.283856170251966 ], [ 587812.67828817316331, 4794999.149228826165199 ], [ 587814.35021941375453, 4794998.905322203412652 ], [ 587844.397440546192229, 4794994.262363814748824 ], [ 587846.065012161736377, 4794993.990243589505553 ], [ 587876.029498337768018, 4794988.840279649011791 ], [ 587877.692234261892736, 4794988.540023507550359 ], [ 587907.565431086579338, 4794982.884524250403047 ], [ 587909.222856640000828, 4794982.556217908859253 ], [ 587938.996235780185089, 4794976.396797890774906 ], [ 587940.64787778549362, 4794976.040535078383982 ], [ 587970.312939404393546, 4794969.378952719271183 ], [ 587983.708999082096852, 4794965.368705112487078 ], [ 588148.157646193867549, 4794903.311251141130924 ], [ 588312.808639191789553, 4794843.91717901173979 ], [ 588478.311766925267875, 4794786.940692414529622 ], [ 588644.63153380190488, 4794732.394011144526303 ], [ 588805.747264894307591, 4794682.15507164504379 ], [ 588833.410964965121821, 4794677.620785013772547 ], [ 588867.226069559343159, 4794672.673292591236532 ], [ 588901.121193142840639, 4794668.307564024813473 ], [ 588935.086327389348298, 4794664.52488839905709 ], [ 588969.111443751608022, 4794661.326382583938539 ], [ 589003.186495745438151, 4794658.712990991771221 ], [ 589037.301422147778794, 4794656.685485272668302 ], [ 589071.446150027913973, 4794655.244464077055454 ], [ 589105.610597527469508, 4794654.390352888964117 ], [ 589139.784677256946452, 4794654.123403895646334 ], [ 589173.958298565587029, 4794654.443695921450853 ], [ 589208.121371312066913, 4794655.351134394295514 ], [ 589242.263808270334266, 4794656.845451377332211 ], [ 589276.375528315198608, 4794658.926205651834607 ], [ 589310.44645943690557, 4794661.592782838270068 ], [ 589344.466541707282886, 4794664.844395595602691 ], [ 589375.503436037688516, 4794668.350010891444981 ], [ 589409.108633941970766, 4794674.758545798249543 ], [ 589445.516555545618758, 4794682.326001685112715 ], [ 589481.794698265148327, 4794690.492978331632912 ], [ 589517.933190604788251, 4794699.257253454998136 ], [ 589553.922199038090184, 4794708.616442237049341 ], [ 589589.751930864527822, 4794718.567998018115759 ], [ 589625.412636597058736, 4794729.109212920069695 ], [ 589660.89461275737267, 4794740.237218618392944 ], [ 589696.188204620382749, 4794751.948987160809338 ], [ 589731.283808471285738, 4794764.24133166205138 ], [ 589766.171874700346962, 4794777.110907344147563 ], [ 589800.842910103616305, 4794790.554212334565818 ], [ 589836.051481040776707, 4794804.8784134471789 ], [ 589836.321036847657524, 4794804.987622521817684 ], [ 589923.942575916764326, 4794840.338768403977156 ], [ 589925.387493298272602, 4794840.908716293051839 ], [ 590013.547542273649015, 4794874.894645567052066 ], [ 590015.001137876184657, 4794875.442082008346915 ], [ 590103.678427027887665, 4794908.05459513887763 ], [ 590105.140350155299529, 4794908.579388056881726 ], [ 590194.313484962796792, 4794939.810616860166192 ], [ 590195.783382904948667, 4794940.31263963971287 ], [ 590285.430849218158983, 4794970.155049187131226 ], [ 590286.908367345225997, 4794970.634180711582303 ], [ 590373.045148862991482, 4794997.829251913353801 ], [ 590595.258324797730893, 4795088.883417096920311 ], [ 590596.680016749422066, 4795089.453293806873262 ], [ 590824.131290133460425, 4795178.610140388831496 ], [ 590825.561543612508103, 4795179.15817547403276 ], [ 591050.786847283598036, 4795263.486168895848095 ], [ 591062.450258983997628, 4795268.89681451767683 ], [ 591076.681922402698547, 4795275.794732515700161 ], [ 591090.794476268696599, 4795282.933173329569399 ], [ 591104.783856118214317, 4795290.31008106470108 ], [ 591118.646032714284956, 4795297.923331015743315 ], [ 591132.37701358681079, 4795305.770730475895107 ], [ 591145.972844088100828, 4795313.850019322708249 ], [ 591159.429608440725133, 4795322.158870616927743 ], [ 591172.743430797592737, 4795330.694891222752631 ], [ 591185.910476732766256, 4795339.455622738227248 ], [ 591198.926953877788037, 4795348.438541899435222 ], [ 591211.789113438222557, 4795357.641061593778431 ], [ 591224.493250748724677, 4795367.060531234368682 ], [ 591237.035707012866624, 4795376.694238007999957 ], [ 591249.412869776133448, 4795386.539407236501575 ], [ 591261.621174257830717, 4795396.593203383497894 ], [ 591273.65710429509636, 4795406.852730815298855 ], [ 591286.153555479249917, 4795417.876397520303726 ], [ 591286.45448564842809, 4795418.140791323035955 ], [ 591296.694730126066133, 4795427.101474503986537 ], [ 591306.152841756818816, 4795435.665313114412129 ], [ 591315.464343829429708, 4795444.38833642937243 ], [ 591324.626557556097396, 4795453.268034954555333 ], [ 591333.636847124318592, 4795462.301854155957699 ], [ 591342.492620322154835, 4795471.487195049412549 ], [ 591351.19132951379288, 4795480.821415190584958 ], [ 591359.73047213384416, 4795490.301829179748893 ], [ 591368.107591653009877, 4795499.925709706731141 ], [ 591376.32027798157651, 4795509.690287987701595 ], [ 591384.366168531356379, 4795519.592754993587732 ], [ 591392.24294854409527, 4795529.630261839367449 ], [ 591399.948351956787519, 4795539.799920844845474 ], [ 591407.480162062449381, 4795550.098806379362941 ], [ 591414.83621204958763, 4795560.523955579847097 ], [ 591422.014385635731742, 4795571.072369202971458 ], [ 591429.012617819709703, 4795581.741012707352638 ], [ 591435.828895210986957, 4795592.526816722936928 ], [ 591442.461256937356666, 4795603.426678446121514 ], [ 591448.907794881146401, 4795614.437462006695569 ], [ 591455.166654508328065, 4795625.555999832227826 ], [ 591461.236035189591348, 4795636.779093200340867 ], [ 591467.11419085401576, 4795648.103513391688466 ], [ 591472.799430428538471, 4795659.526002509519458 ], [ 591478.290118349832483, 4795671.043274466879666 ], [ 591483.584674999117851, 4795682.65201585367322 ], [ 591488.681577206240036, 4795694.348886994645 ], [ 591493.579358661198057, 4795706.130522859282792 ], [ 591498.276610332773998, 4795717.993534016422927 ], [ 591502.771980872028507, 4795729.934507603757083 ], [ 591506.492710186284967, 4795740.350253844633698 ], [ 591518.301769413752481, 4795779.612367236986756 ], [ 591518.359064674703404, 4795781.896813102066517 ], [ 591521.201626890106127, 4795797.329020596109331 ], [ 591526.423321571317501, 4795812.126557308249176 ], [ 591528.603465127176605, 4795817.037832849659026 ], [ 591530.364937373553403, 4795821.196716797538102 ], [ 591532.054882498807274, 4795825.38517537061125 ], [ 591533.672804239322431, 4795829.601978602819145 ], [ 591535.218227411154658, 4795833.845888017676771 ], [ 591536.690698177670129, 4795838.115657326765358 ], [ 591538.089784090640023, 4795842.410032547079027 ], [ 591539.415074276737869, 4795846.727752536535263 ], [ 591540.666179522871971, 4795851.067549262195826 ], [ 591541.842732413671911, 4795855.428148244507611 ], [ 591542.944387402851135, 4795859.808268803171813 ], [ 591543.970820975722745, 4795864.206624660640955 ], [ 591544.921731681795791, 4795868.621924077160656 ], [ 591545.79684025212191, 4795873.052870339713991 ], [ 591546.595889699296094, 4795877.498162240721285 ], [ 591547.318645351799205, 4795881.956494253128767 ], [ 591547.964894950389862, 4795886.426557050086558 ], [ 591548.534448707592674, 4795890.907037883996964 ], [ 591549.027139357873239, 4795895.396620936691761 ], [ 591549.442822206765413, 4795899.893987697549164 ], [ 591549.781375176971778, 4795904.397817383520305 ], [ 591550.042698844335973, 4795908.906787337735295 ], [ 591550.226716461358592, 4795913.419573334045708 ], [ 591550.33337398711592, 4795917.934850088320673 ], [ 591550.36264009855222, 4795922.451291561126709 ], [ 591550.314506200724281, 4795926.967571346089244 ], [ 591550.188986429246143, 4795931.482363125309348 ], [ 591549.986117646680214, 4795935.994340996257961 ], [ 591549.70595943252556, 4795940.502179866656661 ], [ 591549.348594061215408, 4795945.004555910825729 ], [ 591548.914126484538428, 4795949.500146858394146 ], [ 591548.402684296946973, 4795953.987632446922362 ], [ 591547.814417698304169, 4795958.465694793500006 ], [ 591547.149499448831193, 4795962.933018798008561 ], [ 591546.408124823472463, 4795967.388292485848069 ], [ 591545.590511543676257, 4795971.830207460559905 ], [ 591544.615995555883273, 4795976.658285534009337 ], [ 591544.137702828506008, 4795978.92308936920017 ], [ 591543.712627824046649, 4795980.777500065974891 ], [ 591543.255713825579733, 4795982.624323667958379 ], [ 591542.767096073133871, 4795984.46301354188472 ], [ 591542.246919178636745, 4795986.293025507591665 ], [ 591541.695337104145437, 4795988.113817918114364 ], [ 591541.112513099214993, 4795989.924851878546178 ], [ 591540.498619674122892, 4795991.725591341033578 ], [ 591539.853838506969623, 4795993.515503387898207 ], [ 591539.178360463003628, 4795995.294058177620173 ], [ 591538.472385450266302, 4795997.060729347169399 ], [ 591537.736122410977259, 4795998.814994026906788 ], [ 591536.969789261231199, 4796000.556332994252443 ], [ 591536.173612845013849, 4796002.284230794757605 ], [ 591535.347828784375452, 4796003.998176070861518 ], [ 591534.49268147686962, 4796005.697661565616727 ], [ 591533.608424044097774, 4796007.382184234447777 ], [ 591532.695318209938705, 4796009.051245491020381 ], [ 591531.753634208580479, 4796010.704351374879479 ], [ 591530.783650760771707, 4796012.341012598015368 ], [ 591529.785654986277223, 4796013.960744701325893 ], [ 591528.759942200151272, 4796015.563068392686546 ], [ 591527.706816055462696, 4796017.147509317845106 ], [ 591526.626588210463524, 4796018.713598583824933 ], [ 591525.519578386098146, 4796020.260872666724026 ], [ 591524.386114248307422, 4796021.78887358494103 ], [ 591523.226531259948388, 4796023.297149110585451 ], [ 591522.041172625380568, 4796024.7852528328076 ], [ 591520.830389159033075, 4796026.252744338475168 ], [ 591519.594539288198575, 4796027.699189207516611 ], [ 591518.333988728001714, 4796029.124159405007958 ], [ 591517.049110566847958, 4796030.527233179658651 ], [ 591515.740285161067732, 4796031.907995185814798 ], [ 591514.407899802434258, 4796033.266036843881011 ], [ 591513.052348896628246, 4796034.600956154987216 ], [ 591511.674033655202948, 4796035.912358012981713 ], [ 591510.273361989296973, 4796037.19985431060195 ], [ 591508.850748504861258, 4796038.463063943199813 ], [ 591507.406614203006029, 4796039.701613080687821 ], [ 591505.941386550315656, 4796040.915135111659765 ], [ 591504.455499198636971, 4796042.103270879015326 ], [ 591502.949391943984665, 4796043.265668714419007 ], [ 591501.423510557040572, 4796044.401984579861164 ], [ 591499.878306670230813, 4796045.511882145889103 ], [ 591498.314237546990626, 4796046.595032966695726 ], [ 591496.731766177807003, 4796047.651116409339011 ], [ 591495.131360930507071, 4796048.679819904267788 ], [ 591493.513495516148396, 4796049.6808389602229 ], [ 591491.878648726036772, 4796050.653877338394523 ], [ 591490.227304380270652, 4796051.598647072911263 ], [ 591488.559951370349154, 4796052.51486845780164 ], [ 591486.877083096071146, 4796053.402270368300378 ], [ 591485.179197647958063, 4796054.260590153746307 ], [ 591483.466797585482709, 4796055.089573756791651 ], [ 591481.740389740210958, 4796055.888975820504129 ], [ 591480.000485046999529, 4796056.658559758216143 ], [ 591478.247598444577307, 4796057.398097803816199 ], [ 591476.48224884911906, 4796058.107371028512716 ], [ 591474.704958669375628, 4796058.786169543862343 ], [ 591473.008376673096791, 4796059.400912501849234 ], [ 591470.921848188969307, 4796059.984316557645798 ], [ 591466.820363675011322, 4796061.056615528650582 ], [ 591462.7013192033628, 4796062.059348572045565 ], [ 591458.565894728875719, 4796062.992228441871703 ], [ 591454.415274697239511, 4796063.854987948201597 ], [ 591450.250648020184599, 4796064.647379960864782 ], [ 591446.073207579203881, 4796065.369177512824535 ], [ 591441.884149857214652, 4796066.02017387188971 ], [ 591437.684674828895368, 4796066.600182553753257 ], [ 591433.475985354627483, 4796067.109037430025637 ], [ 591429.259286888409406, 4796067.546592751517892 ], [ 591425.035787235712633, 4796067.91272318828851 ], [ 591420.806696232757531, 4796068.207323861308396 ], [ 591416.573225095751695, 4796068.430310395546257 ], [ 591412.336586588178761, 4796068.58161891438067 ], [ 591408.097994082374498, 4796068.66120608150959 ], [ 591403.858661650097929, 4796068.669049099087715 ], [ 591399.619803702458739, 4796068.60514572262764 ], [ 591395.382634243695065, 4796068.469514253549278 ], [ 591391.148367078742012, 4796068.262193544767797 ], [ 591386.918214981211349, 4796067.983242978341877 ], [ 591382.693389498628676, 4796067.63274244684726 ], [ 591378.475100916693918, 4796067.210792358033359 ], [ 591375.210968504659832, 4796066.828388685360551 ], [ 591367.873727619997226, 4796061.011503606103361 ], [ 591366.518859204486944, 4796059.956197350285947 ], [ 591352.842916180030443, 4796049.491443803533912 ], [ 591351.470124779618345, 4796048.45956033654511 ], [ 591337.616487202350982, 4796038.231207082979381 ], [ 591336.226177699747495, 4796037.223050744272768 ], [ 591322.19893147808034, 4796027.2341144727543 ], [ 591320.791513924952596, 4796026.249982601962984 ], [ 591306.594796170131303, 4796016.50340938847512 ], [ 591305.170685653807595, 4796015.543592234142125 ], [ 591290.808683460229076, 4796006.04225667566061 ], [ 591289.368300008703955, 4796005.107037328183651 ], [ 591274.845249218866229, 4795995.853741690516472 ], [ 591273.389017645851709, 4795994.943395973183215 ], [ 591258.70920160075184, 4795985.940869367681444 ], [ 591257.237551397061907, 4795985.05566577333957 ], [ 591242.405299673089758, 4795976.306563351303339 ], [ 591240.918664886499755, 4795975.446762960404158 ], [ 591225.938352018594742, 4795966.953665127977729 ], [ 591224.437171094468795, 4795966.119521516375244 ], [ 591209.313215285772458, 4795957.884933178313076 ], [ 591207.797930983710103, 4795957.076692370697856 ], [ 591192.534792802645825, 4795949.103042186237872 ], [ 591191.005852032569237, 4795948.320942559279501 ], [ 591175.608033096999861, 4795940.610582227818668 ], [ 591174.065886785858311, 4795939.854854444973171 ], [ 591158.537928435835056, 4795932.410058015026152 ], [ 591156.983031420502812, 4795931.680924969725311 ], [ 591141.329513378324918, 4795924.503888164646924 ], [ 591139.76232425600756, 4795923.80156490392983 ], [ 591123.987863276037388, 4795916.894404474645853 ], [ 591122.408844253863208, 4795916.219098133966327 ], [ 591106.518092760466971, 4795909.583851237781346 ], [ 591104.927709551993757, 4795908.935760989785194 ], [ 591088.925354267586954, 4795902.574384585954249 ], [ 591087.324075930635445, 4795901.953701576218009 ], [ 591071.214836493483745, 4795895.868071850389242 ], [ 591069.603135298006237, 4795895.274979136884212 ], [ 591053.391762870014645, 4795889.466890947893262 ], [ 591051.770114153623581, 4795888.901563452556729 ], [ 591035.461390019278042, 4795883.372729804366827 ], [ 591033.830272074905224, 4795882.835334265604615 ], [ 591017.429006231017411, 4795877.587385797873139 ], [ 591015.788900128216483, 4795877.078080710023642 ], [ 590999.299929865286686, 4795872.112565220333636 ], [ 590997.651319313677959, 4795871.631500792689621 ], [ 590981.079507789225318, 4795866.949882782064378 ], [ 590979.422879032092169, 4795866.497200898826122 ], [ 590962.77311383606866, 4795862.100861134938896 ], [ 590961.108955471776426, 4795861.67669530864805 ], [ 590944.386147185927257, 4795857.566930420696735 ], [ 590942.714950028341264, 4795857.171405751258135 ], [ 590925.924030776601285, 4795853.349427848123014 ], [ 590924.246287707821466, 4795852.982660986483097 ], [ 590907.392209702869877, 4795849.449597300961614 ], [ 590905.708415560540743, 4795849.11169642303139 ], [ 590888.796149642555974, 4795845.868588974699378 ], [ 590887.106801028596237, 4795845.559653737582266 ], [ 590870.141335199354216, 4795842.607459029182792 ], [ 590868.446930364472792, 4795842.327580547891557 ], [ 590851.433268315973692, 4795839.667169281281531 ], [ 590849.73430698865559, 4795839.416430100798607 ], [ 590832.677466628141701, 4795837.048586922697723 ], [ 590821.406395790516399, 4795836.129469307139516 ], [ 590717.995597790693864, 4795833.564978795126081 ], [ 590716.447345066233538, 4795833.538576188497245 ], [ 590613.009235525387339, 4795832.575638419017196 ], [ 590611.460759592591785, 4795832.57321260869503 ], [ 590508.020140730775893, 4795833.212058474309742 ], [ 590506.47181288106367, 4795833.233610043302178 ], [ 590403.0534875204321, 4795835.474086362868547 ], [ 590401.505679010646418, 4795835.519610142335296 ], [ 590298.134444627445191, 4795839.361179697327316 ], [ 590296.587526586954482, 4795839.430664772167802 ], [ 590193.288169366423972, 4795844.87240643799305 ], [ 590191.742512713302858, 4795844.965836147777736 ], [ 590088.539801605744287, 4795852.006445112638175 ], [ 590086.99577695550397, 4795852.12379705440253 ], [ 589983.914457737701014, 4795860.761585132218897 ], [ 589973.758765089907683, 4795862.1396161057055 ], [ 589965.194288949598558, 4795863.752416783943772 ], [ 589963.491285538650118, 4795864.088444640859962 ], [ 589954.956094255438074, 4795865.849662215448916 ], [ 589953.259180095861666, 4795866.215199722908437 ], [ 589944.755845438339747, 4795868.124303515069187 ], [ 589943.065531842992641, 4795868.519240528345108 ], [ 589934.596615980844945, 4795870.575655298307538 ], [ 589932.913412253954448, 4795870.999872821383178 ], [ 589924.481466986122541, 4795873.202978943474591 ], [ 589922.805880284518935, 4795873.656349156983197 ], [ 589914.41344627039507, 4795876.005482806824148 ], [ 589912.745981495012529, 4795876.487869097851217 ], [ 589904.395587488310412, 4795878.982322448864579 ], [ 589902.73674706032034, 4795879.493579469621181 ], [ 589894.430909147951752, 4795882.132600909098983 ], [ 589892.781192893977277, 4795882.672574614174664 ], [ 589884.522413737257011, 4795885.455368969589472 ], [ 589882.882318737450987, 4795886.023896655999124 ], [ 589874.673086818074808, 4795888.949625434353948 ], [ 589873.043107272242196, 4795889.546535792760551 ], [ 589864.885896143154241, 4795892.614317431114614 ], [ 589863.266523170983419, 4795893.239430609159172 ], [ 589855.163790710153989, 4795896.448340743780136 ], [ 589853.555512252612971, 4795897.101468386128545 ], [ 589845.509699922986329, 4795900.450540129095316 ], [ 589843.913000568631105, 4795901.131485441699624 ], [ 589835.926532682264224, 4795904.619709673337638 ], [ 589834.341893560951576, 4795905.328267470002174 ], [ 589826.417176548740827, 4795908.954593139700592 ], [ 589824.845075112069026, 4795909.690549929626286 ], [ 589816.984496798599139, 4795913.453884377144277 ], [ 589815.4254067534348, 4795914.217018404044211 ], [ 589807.631335637182929, 4795918.116227685473859 ], [ 589806.085726757766679, 4795918.906309004873037 ], [ 589798.360511297825724, 4795922.940218235366046 ], [ 589796.82884928106796, 4795923.757008793763816 ], [ 589789.174817189457826, 4795927.924402503296733 ], [ 589787.657563574262895, 4795928.767656176351011 ], [ 589780.077021114411764, 4795933.067278671078384 ], [ 589778.57463304256089, 4795933.936741389334202 ], [ 589771.069864334422164, 4795938.367297136224806 ], [ 589769.582794517162256, 4795939.262706906534731 ], [ 589762.156060849200003, 4795943.822860918007791 ], [ 589760.684757343726233, 4795944.743947952054441 ], [ 589753.338296491187066, 4795949.432326192967594 ], [ 589751.883202629629523, 4795950.378812949173152 ], [ 589744.619228180730715, 4795955.194002747535706 ], [ 589734.340745397843421, 4795963.007450085133314 ], [ 589617.166444611153565, 4796064.659366336651146 ], [ 589606.156683296896517, 4796075.840526557527483 ], [ 589597.031589231803082, 4796088.606334264390171 ], [ 589590.015852516400628, 4796102.642452903091908 ], [ 589585.282223872258328, 4796117.603266649879515 ], [ 589582.947260946850292, 4796133.120390617288649 ], [ 589583.068458276451565, 4796148.811741716228426 ], [ 589585.642831580829807, 4796164.290946804918349 ], [ 589590.606991245178506, 4796179.17685648240149 ], [ 589597.838703183573671, 4796193.102930248714983 ], [ 589607.159898647340015, 4796205.726261949166656 ], [ 589618.341058868914843, 4796216.73602326400578 ], [ 589631.106866575428285, 4796225.861117328517139 ], [ 589645.142985214013606, 4796232.876854044385254 ], [ 589660.103798960568383, 4796237.610482688061893 ], [ 589675.620922928443179, 4796239.94544561393559 ], [ 589691.312274027150124, 4796239.824248284101486 ], [ 589706.791479116189294, 4796237.249874979257584 ], [ 589721.67738879355602, 4796232.285715315490961 ], [ 589735.603462559636682, 4796225.05400337651372 ], [ 589748.22679426020477, 4796215.732807912863791 ], [ 589860.514581818133593, 4796118.320075767114758 ], [ 589861.663147311774082, 4796117.558707333169878 ], [ 589867.546299245092086, 4796113.804186338558793 ], [ 589873.493734833551571, 4796110.152349141426384 ], [ 589879.503661984810606, 4796106.604296121746302 ], [ 589885.574269849923439, 4796103.161096340976655 ], [ 589891.703729304950684, 4796099.82378726452589 ], [ 589897.890193386003375, 4796096.593374508433044 ], [ 589904.131798066082411, 4796093.470831419341266 ], [ 589910.42666275985539, 4796090.457098816521466 ], [ 589916.772890525637195, 4796087.553084879182279 ], [ 589923.168569386936724, 4796084.759664521552622 ], [ 589929.6117720506154, 4796082.077679521404207 ], [ 589936.100557242520154, 4796079.507937936112285 ], [ 589942.632969724014401, 4796077.051214094273746 ], [ 589949.207041227957234, 4796074.708248225972056 ], [ 589955.820790777215734, 4796072.479746341705322 ], [ 589962.472225786885247, 4796070.366379842162132 ], [ 589969.159341866965406, 4796068.36878558434546 ], [ 589975.880124210263602, 4796066.487565437331796 ], [ 589982.632547737564892, 4796064.723286241292953 ], [ 589989.414577918010764, 4796063.07647958304733 ], [ 589996.224171062698588, 4796061.547641707584262 ], [ 590003.059275497682393, 4796060.137233239598572 ], [ 590005.728299563517794, 4796059.634621784090996 ], [ 590102.924860218656249, 4796051.489952126517892 ], [ 590204.582638060557656, 4796044.554740305989981 ], [ 590306.335615266114473, 4796039.194460914470255 ], [ 590408.159393603214994, 4796035.410399234853685 ], [ 590510.029557940200903, 4796033.203462600708008 ], [ 590611.921682124957442, 4796032.574180186726153 ], [ 590713.811334468307905, 4796033.522702882997692 ], [ 590810.786546733463183, 4796035.927596922963858 ], [ 590821.383320658234879, 4796037.398648906499147 ], [ 590836.700174511410296, 4796039.793731778860092 ], [ 590851.973638814291917, 4796042.451497910544276 ], [ 590867.199209012673236, 4796045.371163457632065 ], [ 590882.372394497622736, 4796048.551867296919227 ], [ 590897.488720147754066, 4796051.992671325802803 ], [ 590912.543727705953643, 4796055.692560746334493 ], [ 590927.532976915710606, 4796059.650444329716265 ], [ 590942.452046887483448, 4796063.865154747851193 ], [ 590957.2965376280481, 4796068.335448983125389 ], [ 590972.062070796266198, 4796073.060008532367647 ], [ 590986.744291668059304, 4796078.037440004758537 ], [ 591001.338869957951829, 4796083.266275390051305 ], [ 591015.841501124785282, 4796088.744972486048937 ], [ 591030.24790801492054, 4796094.471915503032506 ], [ 591044.553841494256631, 4796100.445415293797851 ], [ 591058.755082423216663, 4796106.663710138760507 ], [ 591072.847442257334478, 4796113.124966000206769 ], [ 591086.826764793600887, 4796119.827277286909521 ], [ 591100.688926959992386, 4796126.7686672154814 ], [ 591114.429840340744704, 4796133.947088534012437 ], [ 591128.045452357269824, 4796141.360424128361046 ], [ 591141.531747180502862, 4796149.00648748781532 ], [ 591154.884747335105203, 4796156.883023577742279 ], [ 591168.100514576537535, 4796164.98770934715867 ], [ 591181.175151019589975, 4796173.318154383450747 ], [ 591194.104800650966354, 4796181.871901844628155 ], [ 591206.885649956413545, 4796190.646428861655295 ], [ 591219.513929481501691, 4796199.639147560112178 ], [ 591231.985914768185467, 4796208.847405721433461 ], [ 591244.297927275998518, 4796218.268487421795726 ], [ 591256.4463359140791, 4796227.899614170193672 ], [ 591266.413323279004544, 4796236.083965066820383 ], [ 591268.983874446363188, 4796238.55767435580492 ], [ 591274.586977313039824, 4796243.160138870589435 ], [ 591279.447978100739419, 4796247.296469899825752 ], [ 591284.236415259540081, 4796251.516592121683061 ], [ 591288.950844693812542, 4796255.819232830777764 ], [ 591293.589844606234692, 4796260.203094420023263 ], [ 591298.152015875908546, 4796264.666854720562696 ], [ 591302.635982520529069, 4796269.209167428314686 ], [ 591307.040392336668447, 4796273.828662745654583 ], [ 591311.363916898728348, 4796278.523947374895215 ], [ 591315.605252284789458, 4796283.29360527638346 ], [ 591319.763119339128025, 4796288.136197955347598 ], [ 591323.83626407221891, 4796293.05026491265744 ], [ 591327.823458095663227, 4796298.034324153326452 ], [ 591331.723498852574266, 4796303.086872460320592 ], [ 591335.535210118046962, 4796308.206386021338403 ], [ 591339.257442365051247, 4796313.391320904716849 ], [ 591342.889072950463742, 4796318.640113309025764 ], [ 591346.429006619611755, 4796323.951180265285075 ], [ 591349.87617572513409, 4796329.322919949889183 ], [ 591353.229540649685077, 4796334.753712320700288 ], [ 591356.488090069382451, 4796340.241919534280896 ], [ 591359.650841179653071, 4796345.785886305384338 ], [ 591362.716840154724196, 4796351.383940676227212 ], [ 591365.685162291978486, 4796357.034394279122353 ], [ 591368.554912381223403, 4796362.735543005168438 ], [ 591371.325224921572953, 4796368.485667420551181 ], [ 591373.995264405035414, 4796374.283033323474228 ], [ 591376.564225581591018, 4796380.125892303884029 ], [ 591379.031333640799858, 4796386.012482128106058 ], [ 591381.395844567799941, 4796391.941027554683387 ], [ 591383.657045198488049, 4796397.909740466624498 ], [ 591385.814253592048772, 4796403.916820798069239 ], [ 591387.866819162387401, 4796409.960456890054047 ], [ 591389.814122851123102, 4796416.038825971074402 ], [ 591391.655577367870137, 4796422.150094853714108 ], [ 591393.390627359156497, 4796428.292420476675034 ], [ 591395.018749531824142, 4796434.463950308971107 ], [ 591396.539452864555642, 4796440.662823092192411 ], [ 591397.952278719749302, 4796446.887169274501503 ], [ 591399.256801003590226, 4796453.135111656039953 ], [ 591400.452626279206015, 4796459.404765890911222 ], [ 591401.539393895538524, 4796465.694241102784872 ], [ 591402.51677609316539, 4796472.001640443690121 ], [ 591403.3844780982472, 4796478.325061628594995 ], [ 591404.142238222062588, 4796484.66259759105742 ], [ 591404.87793153966777, 4796491.876209515146911 ], [ 591406.212991793989204, 4796500.882027845829725 ], [ 591408.260603791335598, 4796511.37556470092386 ], [ 591408.589160700328648, 4796512.988597051240504 ], [ 591410.809229190344922, 4796523.447006420232356 ], [ 591411.164293680922128, 4796525.054411854594946 ], [ 591413.556217064731754, 4796535.474859693087637 ], [ 591413.937692919629626, 4796537.076202626340091 ], [ 591416.500823028152809, 4796547.455865177325904 ], [ 591416.908606874756515, 4796549.050711676478386 ], [ 591419.642249145195819, 4796559.386776234954596 ], [ 591420.076230479753576, 4796560.974694118835032 ], [ 591422.979644143255427, 4796571.264359795488417 ], [ 591423.439705367549323, 4796572.844918779097497 ], [ 591426.512103650602512, 4796583.085397254675627 ], [ 591426.998120092321187, 4796584.658169019967318 ], [ 591430.238670429214835, 4796594.846685308031738 ], [ 591430.750510390731506, 4796596.411243674345315 ], [ 591434.158334649866447, 4796606.545036865398288 ], [ 591434.695859427331015, 4796608.100957853719592 ], [ 591438.270034148357809, 4796618.177281870506704 ], [ 591438.833098084665835, 4796619.724143861792982 ], [ 591442.572654729709029, 4796629.740268198773265 ], [ 591443.161105245118961, 4796631.277652020566165 ], [ 591447.065030460478738, 4796641.230862484313548 ], [ 591447.67870809440501, 4796642.758351530879736 ], [ 591451.745943985530175, 4796652.645950977690518 ], [ 591452.384682438569143, 4796654.163131318986416 ], [ 591456.614126856205985, 4796663.982440385967493 ], [ 591457.277753047877923, 4796665.488900906406343 ], [ 591461.668259887723252, 4796675.237258733250201 ], [ 591462.356593985226937, 4796676.732591205276549 ], [ 591466.906973497592844, 4796686.407356158830225 ], [ 591467.619828969589435, 4796687.891155363060534 ], [ 591468.089331920142286, 4796688.848158854059875 ], [ 591469.277513472479768, 4796693.037949528545141 ], [ 591469.760260616894811, 4796694.686166013590991 ], [ 591471.606826087809168, 4796700.795797764323652 ], [ 591472.117808419629, 4796702.435480493120849 ], [ 591474.069028050755151, 4796708.51249835640192 ], [ 591474.608094845549203, 4796710.143163669854403 ], [ 591476.663393093040213, 4796716.18577513191849 ], [ 591477.230385347036645, 4796717.806942048482597 ], [ 591479.38915596739389, 4796723.813364742323756 ], [ 591479.983906434616074, 4796725.424555066041648 ], [ 591482.245512663037516, 4796731.393017299473286 ], [ 591482.867845913744532, 4796732.993755787611008 ], [ 591485.231620653183199, 4796738.922497066669166 ], [ 591485.881353120668791, 4796740.512311556376517 ], [ 591488.346599137061276, 4796746.399583101272583 ], [ 591489.023539171204902, 4796747.978004648350179 ], [ 591491.589529300341383, 4796753.82206991314888 ], [ 591492.293477223371156, 4796755.388632928952575 ], [ 591494.959454584750347, 4796761.187768112868071 ], [ 591495.690202764002606, 4796762.742010533809662 ], [ 591498.455380984349176, 4796768.494505085982382 ], [ 591499.212713865563273, 4796770.035968443378806 ], [ 591502.076277310610749, 4796775.740125573240221 ], [ 591502.859971509780735, 4796777.268355196341872 ], [ 591505.821075525018387, 4796782.922492370009422 ], [ 591506.63089988019783, 4796784.437037485651672 ], [ 591509.688671039999463, 4796790.039486923255026 ], [ 591510.524386676261202, 4796791.539900782518089 ], [ 591513.677923041163012, 4796797.089009950868785 ], [ 591514.539283456862904, 4796798.574849994853139 ], [ 591517.787654840387404, 4796804.068982093594968 ], [ 591518.67440595687367, 4796805.539810037240386 ], [ 591522.016654198872857, 4796810.977344483137131 ], [ 591522.928534454898909, 4796812.432726483792067 ], [ 591526.363673705141991, 4796817.812059388495982 ], [ 591527.300414130906574, 4796819.251566164195538 ], [ 591530.827431139186956, 4796824.571110805496573 ], [ 591531.788755424669944, 4796825.994317744858563 ], [ 591535.406609840109013, 4796831.252505037002265 ], [ 591536.392234431346878, 4796832.658992349170148 ], [ 591540.099859109031968, 4796837.854271303862333 ], [ 591541.10949327563867, 4796839.243624114431441 ], [ 591544.905794591410086, 4796844.374462299980223 ], [ 591545.939140529604629, 4796845.746270804665983 ], [ 591547.510372058022767, 4796847.795291407965124 ], [ 591547.938739165780134, 4796848.720306961797178 ], [ 591548.682344931410626, 4796850.290146600455046 ], [ 591554.358470472507179, 4796862.008938698098063 ], [ 591555.129231941769831, 4796863.565625183284283 ], [ 591561.008054853999056, 4796875.184055822901428 ], [ 591561.805739455041476, 4796876.727119432762265 ], [ 591567.885485894046724, 4796888.24168293364346 ], [ 591568.709852943546139, 4796889.77065808698535 ], [ 591574.988688439596444, 4796901.177880105562508 ], [ 591575.839489193051122, 4796902.692305446602404 ], [ 591582.315519203897566, 4796913.988744029775262 ], [ 591583.192496947478503, 4796915.48816260881722 ], [ 591589.863767431117594, 4796926.670409230515361 ], [ 591590.766657549305819, 4796928.154368619434536 ], [ 591597.631155552342534, 4796939.219049208797514 ], [ 591598.55968561465852, 4796940.687101650983095 ], [ 591605.615339880692773, 4796951.630877610296011 ], [ 591606.569229712942615, 4796953.082580135203898 ], [ 591613.813911306788214, 4796963.902149349451065 ], [ 591614.792873092344962, 4796965.337063936516643 ], [ 591622.224396042875014, 4796976.029161766171455 ], [ 591623.228134387754835, 4796977.446855440735817 ], [ 591630.844256347278133, 4796988.008255711756647 ], [ 591631.872468399466015, 4796989.408300722017884 ], [ 591639.670891320682131, 4796999.835816692560911 ], [ 591640.723266825661995, 4797001.217790585011244 ], [ 591648.701637654332444, 4797011.508275913074613 ], [ 591649.777859074063599, 4797012.87176170013845 ], [ 591657.933770459610969, 4797023.022111390717328 ], [ 591659.033513063564897, 4797024.366697665303946 ], [ 591667.364504085388035, 4797034.37384900636971 ], [ 591668.487436039955355, 4797035.699130054563284 ], [ 591671.696601658593863, 4797039.42055734153837 ], [ 591673.461209473083727, 4797042.299789790064096 ], [ 591674.36452938511502, 4797043.745879516005516 ], [ 591680.531493244343437, 4797053.433536970987916 ], [ 591681.459337366162799, 4797054.864015084691346 ], [ 591687.790577266248874, 4797064.445118963718414 ], [ 591688.742675860528834, 4797065.859569605439901 ], [ 591695.23635120713152, 4797075.331334525719285 ], [ 591696.212427485617809, 4797076.729346495121717 ], [ 591702.866650461917743, 4797086.089018859900534 ], [ 591703.86642065574415, 4797087.470185720361769 ], [ 591710.679256771109067, 4797096.71504452265799 ], [ 591711.702430237783119, 4797098.078964757733047 ], [ 591718.671898890170269, 4797107.206322366371751 ], [ 591719.718178174458444, 4797108.552599458023906 ], [ 591726.84225322608836, 4797117.559802401810884 ], [ 591727.911334157804959, 4797118.888044967316091 ], [ 591735.187944524455816, 4797127.772474706172943 ], [ 591736.279516305192374, 4797129.082296603359282 ], [ 591743.706546558183618, 4797137.841370289213955 ], [ 591744.82029185036663, 4797139.132390731945634 ], [ 591752.395582831231877, 4797147.763561959378421 ], [ 591753.531177846947685, 4797149.035405621863902 ], [ 591761.252527295844629, 4797157.536165170371532 ], [ 591762.409641902544536, 4797158.788462312892079 ], [ 591770.274805097607896, 4797167.156338873319328 ], [ 591771.453102909261361, 4797168.388725437223911 ], [ 591779.459793320042081, 4797176.621286330744624 ], [ 591780.658931770478375, 4797177.833404024131596 ], [ 591788.804821721976623, 4797185.92825591377914 ], [ 591790.024452220532112, 4797187.119752375409007 ], [ 591798.307173570268787, 4797195.074541954323649 ], [ 591799.546941534499638, 4797196.245070778764784 ], [ 591807.964086360996589, 4797204.057485462166369 ], [ 591809.223631382104941, 4797205.206706370227039 ], [ 591817.772752684657462, 4797212.874474961310625 ], [ 591819.051708587794565, 4797214.002053851261735 ], [ 591827.730320998001844, 4797221.522947205230594 ], [ 591829.028315969277173, 4797222.628556271083653 ], [ 591837.833896473748609, 4797230.000387942418456 ], [ 591839.150553169311024, 4797231.083705768920481 ], [ 591848.080541842617095, 4797238.304332645609975 ], [ 591849.415477477014065, 4797239.365044285543263 ], [ 591858.467278226627968, 4797246.43236721586436 ], [ 591859.820104729034938, 4797247.470164314843714 ], [ 591868.991086049587466, 4797254.382128711789846 ], [ 591870.361410114099272, 4797255.396709554828703 ], [ 591879.648905852227472, 4797262.151305999606848 ], [ 591881.03632912656758, 4797263.142375646159053 ], [ 591890.437639256706461, 4797269.737640465609729 ], [ 591891.841758365975693, 4797270.704910775646567 ], [ 591901.354149774415419, 4797277.13892662152648 ], [ 591902.774556538555771, 4797278.0821164092049 ], [ 591912.395263818674721, 4797284.353012807667255 ], [ 591913.831545300083235, 4797285.271847870200872 ], [ 591923.557771556312218, 4797291.377801769413054 ], [ 591925.009510194417089, 4797292.272014979273081 ], [ 591934.838427854701877, 4797298.211251280270517 ], [ 591936.305201615788974, 4797299.080582682974637 ], [ 591946.233953254297376, 4797304.851374752819538 ], [ 591947.715335720102303, 4797305.695571616292 ], [ 591957.741034887381829, 4797311.296241791918874 ], [ 591959.236595398746431, 4797312.11505869589746 ], [ 591969.356327461428009, 4797317.543978771194816 ], [ 591970.865631224354729, 4797318.337177667766809 ], [ 591981.076454211957753, 4797323.592769368551672 ], [ 591982.59906245523598, 4797324.360119665041566 ], [ 591992.898007915820926, 4797329.440855105407536 ], [ 591994.43347799917683, 4797330.182133724913001 ], [ 591995.976228109328076, 4797330.910775202326477 ], [ 592036.104495956678875, 4797360.550460111349821 ], [ 592082.817142798448913, 4797396.292718847282231 ], [ 592128.917368635768071, 4797432.821469309739769 ], [ 592174.391933031613007, 4797470.12622008472681 ], [ 592219.227775119361468, 4797508.196256777271628 ], [ 592263.41201764496509, 4797547.02064533252269 ], [ 592306.931970390840434, 4797586.588234945200384 ], [ 592349.775133917923085, 4797626.887661340646446 ], [ 592391.929203309700824, 4797667.907350185327232 ], [ 592433.979283746797591, 4797710.236698748543859 ], [ 592445.877642544568516, 4797720.46715553291142 ], [ 592459.229908835608512, 4797728.71034502517432 ], [ 592473.707305510062724, 4797734.763292540796101 ], [ 592488.9533510140609, 4797738.476954423822463 ], [ 592504.592637108755298, 4797739.759887995198369 ], [ 592520.240072666550986, 4797738.580503170378506 ], [ 592535.510365893132985, 4797734.967840320430696 ], [ 592550.027511490043253, 4797729.010855192318559 ], [ 592563.434049153118394, 4797720.856228531338274 ], [ 592575.399865431361832, 4797710.704754308797419 ], [ 592585.630322215729393, 4797698.806395510211587 ], [ 592593.87351170706097, 4797685.454129219986498 ], [ 592599.926459222799167, 4797670.976732545532286 ], [ 592603.640121106407605, 4797655.730687040835619 ], [ 592604.92305467731785, 4797640.091400946490467 ], [ 592603.743669853196479, 4797624.443965388461947 ], [ 592600.131007002666593, 4797609.173672161996365 ], [ 592594.174021874670871, 4797594.656526565551758 ], [ 592586.019395213457756, 4797581.249988902360201 ], [ 592575.867920990800485, 4797569.284172624349594 ], [ 592533.220628134557046, 4797526.353645361959934 ], [ 592532.01610111061018, 4797525.161495103500783 ], [ 592488.647402507369407, 4797482.959863138385117 ], [ 592487.422845464083366, 4797481.788296819664538 ], [ 592443.345197070622817, 4797440.327680915594101 ], [ 592442.100961714517325, 4797439.177035021595657 ], [ 592397.327023105579428, 4797398.469343113712966 ], [ 592396.063466795254499, 4797397.33994812425226 ], [ 592350.606097527896054, 4797357.39687189925462 ], [ 592349.323583169025369, 4797356.289052187465131 ], [ 592303.19583908864297, 4797317.122063727118075 ], [ 592301.894735035602935, 4797316.036137471906841 ], [ 592255.109864526777528, 4797277.656485955230892 ], [ 592253.790544466581196, 4797276.592765044420958 ], [ 592206.361984647344798, 4797239.011473522521555 ], [ 592205.024827507324517, 4797237.970263470895588 ], [ 592156.966200370341539, 4797201.198125693015754 ], [ 592155.611590193700977, 4797200.179725545458496 ], [ 592106.936698693898506, 4797164.227302866056561 ], [ 592090.230371326673776, 4797154.242265080101788 ], [ 592080.617192397359759, 4797149.701956930570304 ], [ 592071.847397259436548, 4797145.375590786337852 ], [ 592063.152640428044833, 4797140.900330378673971 ], [ 592054.535449729766697, 4797136.277476800605655 ], [ 592045.998330221045762, 4797131.508373936638236 ], [ 592037.543763820431195, 4797126.594408262521029 ], [ 592029.174208459444344, 4797121.537008379586041 ], [ 592020.89209719595965, 4797116.33764449134469 ], [ 592012.699837867519818, 4797110.997828194871545 ], [ 592004.599812068394385, 4797105.519111844711006 ], [ 591996.594374559354037, 4797099.903088158927858 ], [ 591988.685852680820972, 4797094.151389824226499 ], [ 591980.876545666600578, 4797088.265689029358327 ], [ 591973.168723621638492, 4797082.247696700505912 ], [ 591965.564627490821294, 4797076.099162485450506 ], [ 591958.066467836732045, 4797069.821873806416988 ], [ 591950.676424522185698, 4797063.417655594646931 ], [ 591943.396645941771567, 4797056.888369650579989 ], [ 591936.229248446295969, 4797050.235914146527648 ], [ 591929.176315679796971, 4797043.462223024107516 ], [ 591922.239898146595806, 4797036.569265604950488 ], [ 591915.422012237482704, 4797029.5590456482023 ], [ 591908.724640116095543, 4797022.433601229451597 ], [ 591902.149728834745474, 4797015.195003853179514 ], [ 591895.699189736507833, 4797007.845357799902558 ], [ 591889.374898164416663, 4797000.386799802072346 ], [ 591883.178692666464485, 4796992.821498154662549 ], [ 591877.112374620861374, 4796985.151652264408767 ], [ 591871.177707537193783, 4796977.37949179392308 ], [ 591865.376416783314198, 4796969.507276319898665 ], [ 591859.710188835277222, 4796961.53729435056448 ], [ 591854.180671005276963, 4796953.471862955950201 ], [ 591848.789470784598961, 4796945.313326845876873 ], [ 591843.538155486807227, 4796937.064057844690979 ], [ 591837.982756137498654, 4796927.999558673240244 ], [ 591828.452077678986825, 4796914.947890248149633 ], [ 591820.515742168645374, 4796905.744720628485084 ], [ 591813.296172242262401, 4796897.07260362803936 ], [ 591806.228324965341017, 4796888.276392140425742 ], [ 591799.314332901267335, 4796879.358740226365626 ], [ 591793.048159428988583, 4796870.980043070390821 ], [ 591764.483516599633731, 4796779.877164284698665 ], [ 591751.306314649409615, 4796734.125689749605954 ], [ 591750.822118756128475, 4796732.49672656878829 ], [ 591736.526349008432589, 4796685.856755031272769 ], [ 591736.014541400712915, 4796684.236255206167698 ], [ 591720.928264003829099, 4796637.845952210947871 ], [ 591720.388992490363307, 4796636.234383737668395 ], [ 591704.516564311110415, 4796590.107146649621427 ], [ 591703.949984631384723, 4796588.504974943585694 ], [ 591687.295989574049599, 4796542.654125154949725 ], [ 591686.702265354339033, 4796541.0618129177019 ], [ 591675.363900977768935, 4796511.42512743268162 ], [ 591675.357689266675152, 4796510.697535037063062 ], [ 591675.455351007985882, 4796499.258184608072042 ], [ 591675.748307761270553, 4796487.8221690133214 ], [ 591676.236474121920764, 4796476.392822153866291 ], [ 591676.919707778375596, 4796464.973475941456854 ], [ 591677.797809551586397, 4796453.567459392361343 ], [ 591678.870523452409543, 4796442.178097650408745 ], [ 591680.137536760652438, 4796430.808710970915854 ], [ 591681.509950955631211, 4796420.150156140327454 ], [ 591683.356917651719414, 4796408.631607160903513 ], [ 591685.521529631689191, 4796396.461195102892816 ], [ 591687.893009315244853, 4796384.329395617358387 ], [ 591690.470669410075061, 4796372.23972469009459 ], [ 591693.253762866137549, 4796360.195686114951968 ], [ 591696.241483105695806, 4796348.200770417228341 ], [ 591699.432964232400991, 4796336.258453943766654 ], [ 591702.827281310572289, 4796324.372197743505239 ], [ 591706.423450600588694, 4796312.545446686446667 ], [ 591710.220429893233813, 4796300.781628293916583 ], [ 591714.217118748929352, 4796289.084151953458786 ], [ 591718.412358877481893, 4796277.456407741643488 ], [ 591723.107415406731889, 4796265.106091275811195 ], [ 591724.497945990762673, 4796261.207208112813532 ], [ 591728.380047707934864, 4796249.566188535653055 ], [ 591728.917238319292665, 4796247.90729308500886 ], [ 591732.595772507949732, 4796236.200353401713073 ], [ 591733.103956306353211, 4796234.532343478873372 ], [ 591736.577804505126551, 4796222.763043193146586 ], [ 591737.056826975895092, 4796221.086425959132612 ], [ 591740.3249329586979, 4796209.258343535475433 ], [ 591740.774648454855196, 4796207.573628768324852 ], [ 591743.836018551373854, 4796195.690360545180738 ], [ 591744.256290336954407, 4796193.998060480691493 ], [ 591747.109993735211901, 4796182.063219574280083 ], [ 591747.500694025075063, 4796180.363848764449358 ], [ 591750.145863054320216, 4796168.38106397446245 ], [ 591750.506873057223856, 4796166.675139106810093 ], [ 591752.942703451844864, 4796154.648053806275129 ], [ 591753.273913401761092, 4796152.936093570664525 ], [ 591755.49966454540845, 4796140.868364605121315 ], [ 591755.800973737495951, 4796139.150889527052641 ], [ 591757.815968888811767, 4796127.046186099760234 ], [ 591758.087285710149445, 4796125.323718375526369 ], [ 591759.890912208356895, 4796113.18572092987597 ], [ 591760.132154164486565, 4796111.458784280344844 ], [ 591761.723863615537994, 4796099.291183384135365 ], [ 591761.934957356890664, 4796097.560302883386612 ], [ 591763.314265800174326, 4796085.366798106580973 ], [ 591763.495147143490613, 4796083.632500031031668 ], [ 591764.661635199328884, 4796071.416798816993833 ], [ 591764.81224914744962, 4796069.679610481485724 ], [ 591765.765562144108117, 4796057.445427024737 ], [ 591765.885862902854569, 4796055.705876622349024 ], [ 591766.625710984808393, 4796043.456930735148489 ], [ 591766.71566197660286, 4796041.715547177009284 ], [ 591767.241820192430168, 4796029.45556316152215 ], [ 591767.301394067471847, 4796027.712875918485224 ], [ 591767.613702438422479, 4796015.445581431500614 ], [ 591767.6428810833022, 4796013.702120367437601 ], [ 591767.741244651726447, 4796001.431245291605592 ], [ 591767.740019194665365, 4795999.687540508806705 ], [ 591767.624408053117804, 4795987.416815810836852 ], [ 591767.592778866761364, 4795985.673397480510175 ], [ 591767.263228166732006, 4795973.406554086133838 ], [ 591767.201204867917113, 4795971.663952300325036 ], [ 591766.657814809703268, 4795959.404719951562583 ], [ 591766.565416256664321, 4795957.663464546203613 ], [ 591765.80835205828771, 4795945.415570673532784 ], [ 591765.685606344952248, 4795943.676191083155572 ], [ 591764.715098192566074, 4795931.443359666503966 ], [ 591764.562042639707215, 4795929.706384746357799 ], [ 591763.37838561704848, 4795917.492335189133883 ], [ 591763.195066761225462, 4795915.758293068036437 ], [ 591761.798620759975165, 4795903.566739061847329 ], [ 591761.585094340029173, 4795901.836156981065869 ], [ 591759.976283950847574, 4795889.670805376023054 ], [ 591759.732614888926037, 4795887.944209516048431 ], [ 591757.9119292718824, 4795875.808759198524058 ], [ 591757.638191656209528, 4795874.086674533784389 ], [ 591755.606184392119758, 4795861.984815295785666 ], [ 591751.243771867477335, 4795845.143138402141631 ], [ 591736.623755777371116, 4795803.885384707711637 ], [ 591722.928080287063494, 4795763.161569840274751 ], [ 591709.890956301474944, 4795722.222175350412726 ], [ 591697.283501791302115, 4795680.305601046420634 ], [ 591695.693164647789672, 4795675.468249232508242 ], [ 591690.83036450156942, 4795661.855409366078675 ], [ 591690.246255522361025, 4795660.263024093583226 ], [ 591685.153271012473851, 4795646.734619040973485 ], [ 591684.542238020221703, 4795645.15236974414438 ], [ 591679.220534334424883, 4795631.712291457690299 ], [ 591678.58275311649777, 4795630.140633332543075 ], [ 591673.03386124165263, 4795616.792748351581395 ], [ 591672.369515276979655, 4795615.232133537530899 ], [ 591666.595031559700146, 4795601.980281882919371 ], [ 591665.904311975114979, 4795600.431159355677664 ], [ 591659.90589766157791, 4795587.279153416864574 ], [ 591659.189003166276962, 4795585.741968834772706 ], [ 591652.968383924802765, 4795572.693592279218137 ], [ 591652.225520760985091, 4795571.168787873350084 ], [ 591645.784486185526475, 4795558.227794555015862 ], [ 591645.015868067857809, 4795556.715808995999396 ], [ 591638.356271162861958, 4795543.885921874083579 ], [ 591637.562119208625518, 4795542.387190132401884 ], [ 591630.685875856433995, 4795529.672100205905735 ], [ 591629.866418536403216, 4795528.187053454108536 ], [ 591622.775506945559755, 4795515.590418693609536 ], [ 591621.930980008095503, 4795514.119484162889421 ], [ 591614.627440144773573, 4795501.644928460940719 ], [ 591613.758086545276456, 4795500.188529311679304 ], [ 591606.244019545963965, 4795487.839641442522407 ], [ 591605.350089390994981, 4795486.398196672089398 ], [ 591597.627656958065927, 4795474.178529254160821 ], [ 591596.709407418733463, 4795472.752453543245792 ], [ 591588.780831199022941, 4795460.665522021241486 ], [ 591587.838526441948488, 4795459.255225633271039 ], [ 591579.706087386817671, 4795447.304507265798748 ], [ 591578.739998505683616, 4795445.910395929589868 ], [ 591570.406036215717904, 4795434.099328787066042 ], [ 591569.416441135341302, 4795432.72180356271565 ], [ 591560.883353186422028, 4795421.053785542026162 ], [ 591559.870536608388647, 4795419.693242736160755 ], [ 591551.1407778627472, 4795408.171630578115582 ], [ 591550.105031157960184, 4795406.82846159581095 ], [ 591541.181113057071343, 4795395.456569923087955 ], [ 591540.122734198463149, 4795394.131161180324852 ], [ 591531.007224041502923, 4795382.912261542864144 ], [ 591529.926517506013624, 4795381.604994337074459 ], [ 591520.622037710389122, 4795370.542314272373915 ], [ 591519.51931441097986, 4795369.25356469489634 ], [ 591510.028541758540086, 4795358.350286795757711 ], [ 591508.90411892964039, 4795357.080425599589944 ], [ 591499.229783796123229, 4795346.33968660235405 ], [ 591498.083984921686351, 4795345.089079110883176 ], [ 591488.228870491613634, 4795334.513968991115689 ], [ 591487.062025205930695, 4795333.282974991947412 ], [ 591477.028966671670787, 4795322.876536075025797 ], [ 591475.841410659370013, 4795321.665509706363082 ], [ 591465.633294405648485, 4795311.430735793896019 ], [ 591464.425369309028611, 4795310.240025451406837 ], [ 591454.045132082421333, 4795300.179860959760845 ], [ 591452.817185412393883, 4795299.009809200651944 ], [ 591442.267813476501033, 4795289.127148311585188 ], [ 591441.020198490354232, 4795287.978091738186777 ], [ 591430.304726766771637, 4795278.275777569971979 ], [ 591429.037802396109328, 4795277.14804675988853 ], [ 591418.310043558245525, 4795267.760766173712909 ], [ 591405.327430482604541, 4795256.308234779164195 ], [ 591404.045271420269273, 4795255.196389177814126 ], [ 591390.717747439164668, 4795243.835896264761686 ], [ 591389.416904611745849, 4795242.745969451032579 ], [ 591375.898508430575021, 4795231.613285167142749 ], [ 591374.579356506816112, 4795230.545591061934829 ], [ 591360.873981602839194, 4795219.64392176643014 ], [ 591359.536900510080159, 4795218.598767874762416 ], [ 591345.648494212771766, 4795207.931253393180668 ], [ 591344.293869049288332, 4795206.908940734341741 ], [ 591330.226431403891183, 4795196.47865345235914 ], [ 591328.854652318987064, 4795195.479476463980973 ], [ 591314.612234933767468, 4795185.289420442655683 ], [ 591313.223697018809617, 4795184.313666904345155 ], [ 591298.810401898808777, 4795174.366777014918625 ], [ 591297.405505072209053, 4795173.414727955125272 ], [ 591282.825483437394723, 4795163.713869033381343 ], [ 591281.4046323223738, 4795162.785798652097583 ], [ 591266.662083412171341, 4795153.333764675073326 ], [ 591265.225687245372683, 4795152.429940275847912 ], [ 591250.324857109109871, 4795143.229453552514315 ], [ 591248.873329579364508, 4795142.35013544280082 ], [ 591233.818509853794239, 4795133.403845836408436 ], [ 591232.352269023191184, 4795132.549287272617221 ], [ 591217.147795695695095, 4795123.859771433286369 ], [ 591215.667263862560503, 4795123.030218539759517 ], [ 591200.317516022943892, 4795114.599979163147509 ], [ 591198.823119601351209, 4795113.795670863240957 ], [ 591183.332518180483021, 4795105.627135969698429 ], [ 591181.824687573243864, 4795104.848303914070129 ], [ 591166.197694069473073, 4795096.943826150149107 ], [ 591164.676863556029275, 4795096.190694653429091 ], [ 591148.917978750658222, 4795088.552550612948835 ], [ 591147.38458634482231, 4795087.825336585752666 ], [ 591131.498349005472846, 4795080.455726156011224 ], [ 591124.480479658814147, 4795077.519134108908474 ], [ 590896.407575841061771, 4794992.124953174032271 ], [ 590670.382358827977441, 4794903.527095281518996 ], [ 590445.031964266323484, 4794811.187422063201666 ], [ 590437.222694146679714, 4794808.360212428495288 ], [ 590347.863144559203647, 4794780.147650143131614 ], [ 590259.689475230989046, 4794750.795847358182073 ], [ 590171.982339316396974, 4794720.078057349659503 ], [ 590084.762897469452582, 4794688.001691239885986 ], [ 589998.05219243268948, 4794654.574487841688097 ], [ 589911.285756247234531, 4794619.568335520103574 ], [ 589875.447883134707808, 4794604.988110073842108 ], [ 589873.914858950185589, 4794604.379104973748326 ], [ 589837.705776239163242, 4794590.339439395815134 ], [ 589836.162915061460808, 4794589.75580445677042 ], [ 589799.727173764957115, 4794576.315319476649165 ], [ 589798.174895410542376, 4794575.75721350684762 ], [ 589761.522409877274185, 4794562.919566349126399 ], [ 589759.961136734113097, 4794562.387141213752329 ], [ 589723.101880290079862, 4794550.15582506544888 ], [ 589721.532037181779742, 4794549.649225639179349 ], [ 589684.476039416040294, 4794538.02756870444864 ], [ 589682.898053510580212, 4794537.546932836063206 ], [ 589645.655397547059692, 4794526.538097425363958 ], [ 589644.069698219071142, 4794526.083555897697806 ], [ 589606.650517971720546, 4794515.690537570975721 ], [ 589605.057536698761396, 4794515.262214067392051 ], [ 589567.472014115075581, 4794505.487840817309916 ], [ 589565.872184355743229, 4794505.085851886309683 ], [ 589528.130546645610593, 4794495.932783368974924 ], [ 589526.524303724290803, 4794495.55723839532584 ], [ 589488.636820577667095, 4794487.027965205721557 ], [ 589487.024601552286185, 4794486.67896637506783 ], [ 589449.00158234371338, 4794478.775809373706579 ], [ 589447.383825917495415, 4794478.453451652079821 ], [ 589409.235616902355105, 4794471.178561326116323 ], [ 589401.726751683396287, 4794470.040207134559751 ], [ 589366.060027946019545, 4794466.011652893386781 ], [ 589364.350961705902591, 4794465.833471122197807 ], [ 589328.620282267453149, 4794462.418360831215978 ], [ 589326.908406702918001, 4794462.269571670331061 ], [ 589291.124321604496799, 4794459.46891369484365 ], [ 589289.410142180277035, 4794459.34956107661128 ], [ 589253.583217231673189, 4794457.16418235283345 ], [ 589251.86724007432349, 4794457.074301517568529 ], [ 589216.008053734782152, 4794455.504847315140069 ], [ 589214.290785525925457, 4794455.444464802742004 ], [ 589178.409925780026242, 4794454.491398525424302 ], [ 589176.691873561940156, 4794454.46053216420114 ], [ 589140.79993479384575, 4794454.124135220423341 ], [ 589139.081605847808532, 4794454.122794123366475 ], [ 589103.189185713068582, 4794454.403165840543807 ], [ 589101.471087408368476, 4794454.431350405327976 ], [ 589065.588783704326488, 4794455.328407998196781 ], [ 589063.871423334931023, 4794455.386109900660813 ], [ 589028.009830872179009, 4794456.899588498286903 ], [ 589026.29371550900396, 4794456.986790702678263 ], [ 588990.463422982720658, 4794459.116243428550661 ], [ 588988.74905934126582, 4794459.232920186594129 ], [ 588952.960646204766817, 4794461.977718286216259 ], [ 588951.248540478991345, 4794462.123835147358477 ], [ 588915.512573820189573, 4794465.483168175444007 ], [ 588913.803231534431688, 4794465.658681996166706 ], [ 588878.13026295544114, 4794469.631558056920767 ], [ 588876.424188814475201, 4794469.836417013779283 ], [ 588840.82475131645333, 4794474.421663055196404 ], [ 588839.122449074988253, 4794474.655806661583483 ], [ 588803.60705394775141, 4794479.852068816311657 ], [ 588801.90902622952126, 4794480.115427936427295 ], [ 588766.488159947912209, 4794485.921171927824616 ], [ 588752.894809205667116, 4794489.137873843312263 ], [ 588584.395948490360752, 4794541.679013133980334 ], [ 588583.001090412726626, 4794542.125189075246453 ], [ 588415.289732601959258, 4794597.128260277211666 ], [ 588413.901558084995486, 4794597.594815243966877 ], [ 588247.013672267552465, 4794655.04802183713764 ], [ 588245.632479033782147, 4794655.534855768084526 ], [ 588079.603857688605785, 4794715.425875750370324 ], [ 588078.229941961355507, 4794715.932884234003723 ], [ 587919.65368659212254, 4794775.774292730726302 ], [ 587897.651507401606068, 4794780.715099213644862 ], [ 587869.532780163455755, 4794786.532210217788815 ], [ 587841.31978252378758, 4794791.873405809514225 ], [ 587813.020568993408233, 4794796.737161135300994 ], [ 587784.643218492739834, 4794801.122087680734694 ], [ 587756.195832245401107, 4794805.026933626271784 ], [ 587727.686531677143648, 4794808.450584180653095 ], [ 587699.123455613153055, 4794811.392061961814761 ], [ 587670.514758500736207, 4794813.850527208298445 ], [ 587641.868607620941475, 4794815.825278074480593 ], [ 587613.193180893547833, 4794817.31575080472976 ], [ 587584.496664883568883, 4794818.321519883349538 ], [ 587555.787251873174682, 4794818.842298184521496 ], [ 587527.073138088686392, 4794818.877937030047178 ], [ 587498.362520776106976, 4794818.428426247090101 ], [ 587469.663596533588134, 4794817.493894166313112 ], [ 587440.984558401978575, 4794816.074607580900192 ], [ 587412.333593753515743, 4794814.17097167018801 ], [ 587383.71888206677977, 4794811.783529900945723 ], [ 587355.148592352983542, 4794808.912963844835758 ], [ 587326.630881054676138, 4794805.560093011707067 ], [ 587298.173889338388108, 4794801.725874570198357 ], [ 587269.785741488449275, 4794797.41140316426754 ], [ 587241.474541769130155, 4794792.617910493165255 ], [ 587213.248372513335198, 4794787.346765010617673 ], [ 587185.115291965892538, 4794781.599471569061279 ], [ 587157.083331605186686, 4794775.377670913003385 ], [ 587131.195476356777363, 4794769.171028546057642 ], [ 587080.945295714656822, 4794753.954229027964175 ], [ 587028.880778598831967, 4794737.299675390124321 ], [ 586977.081596160423942, 4794719.837350209243596 ], [ 586925.560280074365437, 4794701.571478112600744 ], [ 586874.329294522642158, 4794682.506478030234575 ], [ 586823.401033881003968, 4794662.646962381899357 ], [ 586772.787818896118551, 4794641.997735654003918 ], [ 586729.339318985701539, 4794623.478186837397516 ], [ 586616.745959367370233, 4794551.822789837606251 ], [ 586615.555380950914696, 4794551.076794501394033 ], [ 586504.061894592479803, 4794482.302934282459319 ], [ 586477.09478454629425, 4794456.39572814758867 ], [ 586475.934665267937817, 4794455.29887889046222 ], [ 586440.744043760816567, 4794422.555526285432279 ], [ 586439.566561205778271, 4794421.477338052354753 ], [ 586403.857679054606706, 4794389.299974621273577 ], [ 586402.663133359164931, 4794388.240722238086164 ], [ 586366.44509259739425, 4794356.637549845501781 ], [ 586365.233788242796436, 4794355.597503308206797 ], [ 586328.515820686006919, 4794324.576577462255955 ], [ 586327.28806643304415, 4794323.556001878343523 ], [ 586290.079531326307915, 4794293.125229671597481 ], [ 586288.835640119854361, 4794292.124385177157819 ], [ 586251.146021751221269, 4794262.291523277759552 ], [ 586249.886310654692352, 4794261.310664985328913 ], [ 586211.725215938524343, 4794232.083317656069994 ], [ 586210.450006048311479, 4794231.122695582918823 ], [ 586171.827162076020613, 4794202.508312742225826 ], [ 586170.536778436973691, 4794201.568171746097505 ], [ 586131.462029997841455, 4794173.574047070927918 ], [ 586130.156801519333385, 4794172.654626786708832 ], [ 586090.640108591062017, 4794145.287895855493844 ], [ 586088.021691236877814, 4794143.534935265779495 ], [ 585987.706142145791091, 4794078.641589463688433 ], [ 585986.390770406578667, 4794077.805155300535262 ], [ 585885.075888794846833, 4794014.483354292809963 ], [ 585883.74763900891412, 4794013.667525002732873 ], [ 585781.458042619051412, 4793951.932654879055917 ], [ 585764.680566139984876, 4793943.833870335482061 ], [ 585722.594503572094254, 4793928.163307077251375 ], [ 585681.486760408151895, 4793912.120917463675141 ], [ 585640.634828192763962, 4793895.437858495861292 ], [ 585600.048691234667785, 4793878.118207552470267 ], [ 585559.738268827553838, 4793860.166197573766112 ], [ 585519.713412787998095, 4793841.586216009221971 ], [ 585479.98390516161453, 4793822.382803794927895 ], [ 585440.559455756563693, 4793802.560654200613499 ], [ 585402.058628483559005, 4793782.442795543000102 ], [ 585386.466122390236706, 4793773.702931494452059 ], [ 585370.483978763455525, 4793764.386574475094676 ], [ 585354.661425671540201, 4793754.801678237505257 ], [ 585339.002974729752168, 4793744.950975804589689 ], [ 585323.513090928434394, 4793734.837276090867817 ], [ 585308.196191012277268, 4793724.463462891988456 ], [ 585293.056642505922355, 4793713.832494239322841 ], [ 585278.098762337816879, 4793702.947401473298669 ], [ 585263.326815683860332, 4793691.811288432218134 ], [ 585248.745014576707035, 4793680.42733043897897 ], [ 585234.35751692764461, 4793668.798773556947708 ], [ 585220.168425239855424, 4793656.928933595307171 ], [ 585206.181785444263369, 4793644.821195164695382 ], [ 585192.40158572094515, 4793632.479010692797601 ], [ 585178.831755324383266, 4793619.905899400822818 ], [ 585165.476163698127493, 4793607.105446517467499 ], [ 585152.338618995272554, 4793594.081301905214787 ], [ 585144.691081983968616, 4793586.239333423785865 ], [ 585112.787388868047856, 4793540.145714388228953 ], [ 585111.823895211215131, 4793538.77826775982976 ], [ 585074.263964980142191, 4793486.406877933070064 ], [ 585073.277732400572859, 4793485.05573929939419 ], [ 585034.847023893147707, 4793433.319954053498805 ], [ 585033.838328361045569, 4793431.985501492395997 ], [ 584995.330737723154016, 4793381.918037237599492 ], [ 584988.014311446226202, 4793371.881938895210624 ], [ 584980.611839971039444, 4793361.360883681103587 ], [ 584973.387194511480629, 4793350.716932975687087 ], [ 584966.342414980637841, 4793339.95309214759618 ], [ 584959.927784248371609, 4793329.783139122650027 ], [ 584939.601417771307752, 4793295.02085720654577 ], [ 584933.884315113653429, 4793284.443042215891182 ], [ 584927.958685665740632, 4793273.024806679226458 ], [ 584922.225748714874499, 4793261.508617095649242 ], [ 584916.687122983974405, 4793249.897725118324161 ], [ 584911.344372249906883, 4793238.195408969186246 ], [ 584906.199005065951496, 4793226.404972857795656 ], [ 584901.252474172972143, 4793214.529745690524578 ], [ 584896.506176228984259, 4793202.573080451227725 ], [ 584891.961451330920681, 4793190.538353051058948 ], [ 584887.619582666433416, 4793178.428961455821991 ], [ 584883.481796168955043, 4793166.248324770480394 ], [ 584879.549260097905062, 4793153.999882068485022 ], [ 584875.823084820993245, 4793141.687091744504869 ], [ 584872.304322405485436, 4793129.31343025714159 ], [ 584868.993966353009455, 4793116.882391234859824 ], [ 584867.875396672054194, 4793112.378950262442231 ], [ 584867.863029653788544, 4793111.872190454974771 ], [ 584867.348285114974715, 4793098.076957204379141 ], [ 584867.269397111027502, 4793096.359234834089875 ], [ 584866.517523862305097, 4793082.574891939759254 ], [ 584866.409111811197363, 4793080.858779968693852 ], [ 584865.420332165784203, 4793067.08940317761153 ], [ 584865.282428122824058, 4793065.375409030355513 ], [ 584864.057034442666918, 4793051.625069662928581 ], [ 584863.889679183019325, 4793049.913700129836798 ], [ 584862.428033791598864, 4793036.186463876627386 ], [ 584862.231276798760518, 4793034.478224974125624 ], [ 584860.533811874454841, 4793020.778150695376098 ], [ 584860.307711325469427, 4793019.073547513224185 ], [ 584858.374928773497231, 4793005.404686038382351 ], [ 584858.119551521609537, 4793003.704222594387829 ], [ 584855.952022825949825, 4792990.070615524426103 ], [ 584855.667444381397218, 4792988.374794612638652 ], [ 584853.265810435637832, 4792974.780473121441901 ], [ 584852.952114941319451, 4792973.089796153828502 ], [ 584850.317085858783685, 4792959.538779803551733 ], [ 584849.974366069072857, 4792957.853746686130762 ], [ 584847.106720973621123, 4792944.350042231380939 ], [ 584846.735078223049641, 4792942.671151189133525 ], [ 584843.635665017878637, 4792929.218751396052539 ], [ 584843.235209193779156, 4792927.546498844400048 ], [ 584839.904944311594591, 4792914.149381310679018 ], [ 584839.475793820573017, 4792912.484261699952185 ], [ 584835.915661951876245, 4792899.146387675777078 ], [ 584835.457943684188649, 4792897.488893345929682 ], [ 584831.668997486354783, 4792884.214206566102803 ], [ 584831.18284678121563, 4792882.564827607013285 ], [ 584827.166206567548215, 4792869.357253121212125 ], [ 584826.65176716784481, 4792867.71647721529007 ], [ 584822.408620575675741, 4792854.579920231364667 ], [ 584821.866044592345133, 4792852.948232527822256 ], [ 584817.397646232508123, 4792839.886577253229916 ], [ 584816.827094092383049, 4792838.264460203237832 ], [ 584812.134765178197995, 4792825.281568701379001 ], [ 584811.536405583727174, 4792823.669501936994493 ], [ 584807.711011458886787, 4792813.628815394826233 ], [ 584798.982928319601342, 4792785.693373232148588 ], [ 584790.119426224031486, 4792755.503397746942937 ], [ 584781.778342209290713, 4792725.164930334314704 ], [ 584773.962161496048793, 4792694.687010320834816 ], [ 584766.6732129388256, 4792664.07871869392693 ], [ 584759.913668272434734, 4792633.349175164476037 ], [ 584753.685541526065208, 4792602.507535701617599 ], [ 584747.990688365185633, 4792571.562989549711347 ], [ 584742.830805584206246, 4792540.524756704457104 ], [ 584738.207430575275794, 4792509.402085039764643 ], [ 584734.121940876124427, 4792478.204247577115893 ], [ 584731.030507949646562, 4792450.951256657019258 ], [ 584730.04394007648807, 4792385.357511474750936 ], [ 584730.007861709222198, 4792383.783212397247553 ], [ 584727.837718524271622, 4792313.315923417918384 ], [ 584727.776854715310037, 4792311.742387644946575 ], [ 584724.497357836109586, 4792241.318008075468242 ], [ 584724.411723678116687, 4792239.745625798590481 ], [ 584720.023686327622272, 4792169.381618907675147 ], [ 584719.913303055451252, 4792167.810780034400523 ], [ 584714.417813343927264, 4792097.524594119749963 ], [ 584714.282708329497837, 4792095.955688173882663 ], [ 584707.681128983967938, 4792025.764752237126231 ], [ 584707.521335729514249, 4792024.198168262839317 ], [ 584699.815303756273352, 4791954.119887685403228 ], [ 584699.630861886078492, 4791952.556014151312411 ], [ 584690.822288164752536, 4791882.607766377739608 ], [ 584688.084928655880503, 4791868.800050101242959 ], [ 584671.83172728610225, 4791809.181324142031372 ], [ 584671.461535283830017, 4791807.859247114509344 ], [ 584654.391363152419217, 4791748.469279415905476 ], [ 584654.003055308596231, 4791747.152409336529672 ], [ 584636.119130023289472, 4791688.002394491806626 ], [ 584635.71277953160461, 4791686.690979583188891 ], [ 584617.018472086754628, 4791627.792066953144968 ], [ 584611.384418086381629, 4791613.801094152964652 ], [ 584605.794246634468436, 4791602.469963174313307 ], [ 584600.772675137734041, 4791591.829230595380068 ], [ 584595.936771334614605, 4791581.102842326276004 ], [ 584591.287995695951395, 4791570.294037797488272 ], [ 584586.827752140932716, 4791559.406081241555512 ], [ 584582.557387668290175, 4791548.442260834388435 ], [ 584578.478191928938031, 4791537.405887651257217 ], [ 584574.591396858799271, 4791526.300294728949666 ], [ 584570.898176251561381, 4791515.128835903480649 ], [ 584567.399645472760312, 4791503.894884994253516 ], [ 584564.096861084457487, 4791492.601834673434496 ], [ 584560.990820518112741, 4791481.253095408901572 ], [ 584558.082461814512499, 4791469.852094581350684 ], [ 584555.372663284302689, 4791458.402275239117444 ], [ 584552.862243304145522, 4791446.907095300033689 ], [ 584550.55196001380682, 4791435.370026279240847 ], [ 584548.442511119297706, 4791423.794552371837199 ], [ 584546.534533681347966, 4791412.184169410727918 ], [ 584544.828603907488286, 4791400.542383722029626 ], [ 584543.325236987089738, 4791388.872711112722754 ], [ 584542.024886943283491, 4791377.178675875999033 ], [ 584540.927946479292586, 4791365.463809587061405 ], [ 584540.034746872377582, 4791353.731650149449706 ], [ 584539.345557869644836, 4791341.985740684904158 ], [ 584538.860587607254274, 4791330.229628476314247 ], [ 584538.579982545576058, 4791318.466863857582211 ], [ 584538.503827428212389, 4791306.700999208725989 ], [ 584538.632145253708586, 4791294.93558781966567 ], [ 584538.964897269965149, 4791283.174182862974703 ], [ 584539.541647398611531, 4791270.552300865761936 ], [ 584538.804475632146932, 4791253.042595852166414 ], [ 584526.228325108648278, 4791156.709548666141927 ], [ 584515.074284830130637, 4791060.90193104557693 ], [ 584505.254447828163393, 4790964.948384960182011 ], [ 584496.709519212250598, 4790868.174422870390117 ], [ 584494.107196066877805, 4790852.699892107397318 ], [ 584489.116161896032281, 4790837.82297152467072 ], [ 584481.85931252525188, 4790823.909980283118784 ], [ 584472.515335670206696, 4790811.303502399474382 ], [ 584461.314311051974073, 4790800.313951198011637 ], [ 584448.532045070547611, 4790791.211925902403891 ], [ 584434.483279536594637, 4790784.221548583358526 ], [ 584419.513941682409495, 4790779.514945529401302 ], [ 584403.992626286577433, 4790777.208008928224444 ], [ 584388.301519646425731, 4790777.357543216086924 ], [ 584372.826988883083686, 4790779.959866361692548 ], [ 584357.950068301171996, 4790784.950900532305241 ], [ 584344.037077058921568, 4790792.207749903202057 ], [ 584331.430599175277166, 4790801.551726758480072 ], [ 584320.441047974396497, 4790812.752751376479864 ], [ 584311.339022678905167, 4790825.535017358139157 ], [ 584304.348645359510556, 4790839.583782891742885 ], [ 584299.642042305669747, 4790854.553120746277273 ], [ 584297.33510570472572, 4790870.074436142109334 ], [ 584297.484639992122538, 4790885.76554278191179 ], [ 584306.090764861670323, 4790983.232571391388774 ], [ 584306.222795179695822, 4790984.617785820737481 ], [ 584316.184300310444087, 4791081.955627726390958 ], [ 584316.335592532763258, 4791083.33887090254575 ], [ 584327.65054912713822, 4791180.528679054230452 ] ] ], [ [ [ 487829.836639430723153, 4796967.4458710514009 ], [ 487857.350258118589409, 4796945.864660563878715 ], [ 487885.081199257401749, 4796924.563422145321965 ], [ 487913.026614041184075, 4796903.544343987479806 ], [ 487941.183631696621887, 4796882.809585461392999 ], [ 487969.467137094936334, 4796862.420549223199487 ], [ 488009.886068847379647, 4796834.023938845843077 ], [ 488011.18879966106033, 4796833.122968073934317 ], [ 488012.772847613494378, 4796832.028730742633343 ], [ 488014.357950558478478, 4796830.935044358484447 ], [ 488015.944098722597118, 4796829.841903568245471 ], [ 488017.531290531391278, 4796828.74929712805897 ], [ 488019.119511649187189, 4796827.657222731970251 ], [ 488020.70876392169157, 4796826.565667032264173 ], [ 488022.299038526252843, 4796825.474623668938875 ], [ 488023.890327194123529, 4796824.384086194448173 ], [ 488025.48262417584192, 4796823.294046280905604 ], [ 488027.075928088685032, 4796822.204492803663015 ], [ 488028.670227451133542, 4796821.115421079099178 ], [ 488030.265518889063969, 4796820.026821354404092 ], [ 488031.861792111769319, 4796818.938688398338854 ], [ 488033.459049654542468, 4796817.851008151657879 ], [ 488035.057276357722003, 4796816.763778671622276 ], [ 488036.656472554430366, 4796815.676987456157804 ], [ 488038.256631123076659, 4796814.590627063065767 ], [ 488039.857740869629197, 4796813.504692735150456 ], [ 488041.459801974706352, 4796812.419172119349241 ], [ 488043.062804350687657, 4796811.334059715270996 ], [ 488044.666742180474102, 4796810.249347181990743 ], [ 488046.271613925520796, 4796809.16502327658236 ], [ 488047.877407329448033, 4796808.081083758734167 ], [ 488049.484121353656519, 4796806.997517258860171 ], [ 488051.091750282619614, 4796805.914315002970397 ], [ 488052.700280148419552, 4796804.831474248319864 ], [ 488054.309714797360357, 4796803.748979985713959 ], [ 488055.920043470920064, 4796802.666827095672488 ], [ 488057.531260668765754, 4796801.5850068051368 ], [ 488059.143360580026638, 4796800.503510769456625 ], [ 488060.756338472419884, 4796799.422329621389508 ], [ 488062.37018416490173, 4796798.341457951813936 ], [ 488063.984895051922649, 4796797.260885012336075 ], [ 488065.600467745040078, 4796796.180600662715733 ], [ 488067.216890704759862, 4796795.100600107572973 ], [ 488068.834161562088411, 4796794.020872706547379 ], [ 488070.452275319898035, 4796792.941409068182111 ], [ 488072.071219169243705, 4796791.862205627374351 ], [ 488073.690995667071547, 4796790.78324794024229 ], [ 488075.311594041413628, 4796789.704530890099704 ], [ 488076.933011685789097, 4796788.626043621450663 ], [ 488078.555239152396098, 4796787.547779914923012 ], [ 488080.178271704295184, 4796786.469730636104941 ], [ 488081.802101684967056, 4796785.391888220794499 ], [ 488083.426729362690821, 4796784.314239994622767 ], [ 488085.052142250060569, 4796783.236781738698483 ], [ 488086.67833807435818, 4796782.159502450376749 ], [ 488088.305309526040219, 4796781.082394347526133 ], [ 488089.9330474929302, 4796780.005451102741063 ], [ 488091.561553573585115, 4796778.928659019991755 ], [ 488093.190817914903164, 4796777.852011970244348 ], [ 488094.820828310505021, 4796776.775505532510579 ], [ 488096.451589833828621, 4796775.69912395440042 ], [ 488098.083093816414475, 4796774.622860024683177 ], [ 488099.71532927203225, 4796773.546708644367754 ], [ 488101.348292892507743, 4796772.470659299753606 ], [ 488102.981980459706392, 4796771.394702207297087 ], [ 488104.61638363066595, 4796770.318830190226436 ], [ 488106.251498038123827, 4796769.24303360003978 ], [ 488107.887316929351073, 4796768.167304161936045 ], [ 488109.523835610772949, 4796767.091632288880646 ], [ 488111.161048383102752, 4796766.016009151935577 ], [ 488112.798950127908029, 4796764.940425396896899 ], [ 488114.437533258169424, 4796763.864873243495822 ], [ 488116.076784922508523, 4796762.789348650723696 ], [ 488117.716709674452431, 4796761.7138358540833 ], [ 488119.357301359937992, 4796760.638326063752174 ], [ 488120.998547305935062, 4796759.562815153971314 ], [ 488122.640451829414815, 4796758.487287324853241 ], [ 488124.282995067595039, 4796757.411742903292179 ], [ 488125.92618425260298, 4796756.33616441860795 ], [ 488127.570001214276999, 4796755.260551130399108 ], [ 488129.214450388972182, 4796754.184887287206948 ], [ 488130.859526389394887, 4796753.109163624234498 ], [ 488132.505206809844822, 4796752.033382058143616 ], [ 488134.151514402998146, 4796750.95751497335732 ], [ 488135.798414595774375, 4796749.881572043523192 ], [ 488137.445914081763476, 4796748.805536261759698 ], [ 488139.094017859839369, 4796747.729391296394169 ], [ 488140.742697434558067, 4796746.653143202885985 ], [ 488142.391959540080279, 4796745.576774590648711 ], [ 488144.041809562651906, 4796744.500269075855613 ], [ 488145.692209819681011, 4796743.423638401553035 ], [ 488147.343189390900079, 4796742.34685087017715 ], [ 488148.994721910858061, 4796741.269910683855414 ], [ 488150.646801382303238, 4796740.19280887208879 ], [ 488152.299431596533395, 4796739.115530076436698 ], [ 488153.952597311523277, 4796738.03807130176574 ], [ 488155.606313294556458, 4796736.960410052910447 ], [ 488157.260531137580983, 4796735.882564952597022 ], [ 488158.915293146623299, 4796734.80449544172734 ], [ 488160.57055613870034, 4796733.726216816343367 ], [ 488162.226342672714964, 4796732.647701231762767 ], [ 488163.882620076299645, 4796731.568957138806581 ], [ 488165.539416486572009, 4796730.489953210577369 ], [ 488167.196687864954583, 4796729.410705081187189 ], [ 488168.854436158493627, 4796728.331198587082326 ], [ 488170.512703887827229, 4796727.251392972655594 ], [ 488172.171389898227062, 4796726.171341026201844 ], [ 488173.830597217194736, 4796725.090962735004723 ], [ 490895.663017205952201, 4794952.797187523916364 ], [ 490897.322041428182274, 4794951.716932755894959 ], [ 490898.980860990297515, 4794950.636824286542833 ], [ 490900.639138637110591, 4794949.557094870135188 ], [ 490902.296997959027067, 4794948.477676847949624 ], [ 490903.954369068378583, 4794947.398628893308342 ], [ 490905.611332158849109, 4794946.319911682978272 ], [ 490907.267884676635731, 4794945.241539931856096 ], [ 490908.923991317860782, 4794944.163549485616386 ], [ 490910.57970387180103, 4794943.085919828154147 ], [ 490912.23498184006894, 4794942.008690158836544 ], [ 490913.889874945278279, 4794940.931840961799026 ], [ 490915.544363357417751, 4794939.85539822280407 ], [ 490917.198470615781844, 4794938.779359512031078 ], [ 490918.852172554703429, 4794937.703753344714642 ], [ 490920.50551102834288, 4794936.628565558232367 ], [ 490922.158470014110208, 4794935.553819415159523 ], [ 490923.811062619148288, 4794934.479519227519631 ], [ 490925.463294419867452, 4794933.405674288980663 ], [ 490927.115166870527901, 4794932.332296301610768 ], [ 490928.766681794717442, 4794931.259397205896676 ], [ 490930.417863080161624, 4794930.186974303796887 ], [ 490932.068704085715581, 4794929.115044455043972 ], [ 490933.719208645576145, 4794928.043618229217827 ], [ 490935.369389822124504, 4794926.972699793986976 ], [ 490937.019243422022555, 4794925.90230468288064 ], [ 490938.66878714133054, 4794924.832434301264584 ], [ 490940.318020105129108, 4794923.763101739808917 ], [ 490941.966942870232742, 4794922.694319598376751 ], [ 490943.615575439704116, 4794921.626087576150894 ], [ 490945.263915069110226, 4794920.558420159853995 ], [ 490946.911961230391171, 4794919.491330456919968 ], [ 490948.559734067355748, 4794918.424817949533463 ], [ 490950.207230222935323, 4794917.358897585421801 ], [ 490951.854451101098675, 4794916.293581283651292 ], [ 490953.501414422120433, 4794915.228870002552867 ], [ 490955.148115619493183, 4794914.164779565297067 ], [ 490956.794566787488293, 4794913.10131458658725 ], [ 490958.440768712665886, 4794912.038487300276756 ], [ 490960.086733045056462, 4794910.976302820257843 ], [ 490961.732461559702642, 4794909.914772432297468 ], [ 490963.377958578814287, 4794908.853906051255763 ], [ 490965.023231634055264, 4794907.793711449950933 ], [ 490966.668284714105539, 4794906.734198480844498 ], [ 490968.31313114106888, 4794905.675371265038848 ], [ 490969.957764784339815, 4794904.617246082052588 ], [ 490971.602198612992652, 4794903.559827200137079 ], [ 490973.246433278254699, 4794902.503126894123852 ], [ 490974.890484585659578, 4794901.447147230617702 ], [ 490976.534346077824011, 4794900.391904943622649 ], [ 490978.178025564877316, 4794899.337407434359193 ], [ 490979.821537827199791, 4794898.283657843247056 ], [ 490981.464879095670767, 4794897.230670793913305 ], [ 490983.108054500306025, 4794896.178455618210137 ], [ 490984.751077527063899, 4794895.127015961334109 ], [ 490986.393947322154418, 4794894.076364835724235 ], [ 490988.036665889958385, 4794893.026513437740505 ], [ 490989.679250824439805, 4794891.977462739683688 ], [ 490991.321696198370773, 4794890.929228979162872 ], [ 490992.964015096309595, 4794889.88181612174958 ], [ 490994.606205591349863, 4794888.835237732157111 ], [ 490996.248278044280596, 4794887.789499589242041 ], [ 490997.890237399260513, 4794886.744610753841698 ], [ 490999.53208763722796, 4794885.700581054203212 ], [ 491001.173836080764886, 4794884.65741821192205 ], [ 491002.815486944164149, 4794883.615131556987762 ], [ 491004.45704192481935, 4794882.573732527904212 ], [ 491006.098517258127686, 4794881.533222933299839 ], [ 491007.73990427487297, 4794880.493620437569916 ], [ 491009.381215120782144, 4794879.454929781146348 ], [ 491011.022459556930698, 4794878.417156770825386 ], [ 491012.663635578821413, 4794877.380314986221492 ], [ 491014.304750955780037, 4794876.344411570578814 ], [ 491015.945808611519169, 4794875.309456995688379 ], [ 491017.586820543627255, 4794874.27545574773103 ], [ 491019.227786622243002, 4794873.242420015856624 ], [ 491020.868709739297628, 4794872.210360099561512 ], [ 491022.509600221004803, 4794871.179281767457724 ], [ 491024.150462926190812, 4794870.149193814955652 ], [ 491025.791297879477497, 4794869.120108525268734 ], [ 491027.43211713898927, 4794868.092030177824199 ], [ 491029.072919626371004, 4794867.064971670508385 ], [ 491030.713715760270134, 4794866.038938420824707 ], [ 491032.354505215887912, 4794865.01394266448915 ], [ 491033.995297116693109, 4794863.989990808069706 ], [ 491035.636096436472144, 4794862.967091622762382 ], [ 491037.276907325955108, 4794861.945254415273666 ], [ 491038.917729500331916, 4794860.92449152097106 ], [ 491040.558577688876539, 4794859.904805680736899 ], [ 491042.199448938539717, 4794858.886210509575903 ], [ 491043.840354074898642, 4794857.86871147993952 ], [ 491045.481294230965432, 4794856.852319460362196 ], [ 491047.122275709174573, 4794855.837042768485844 ], [ 491048.763304116902873, 4794854.822889478877187 ], [ 491050.404378247272689, 4794853.809872469864786 ], [ 491052.045510885596741, 4794852.797995651140809 ], [ 491053.686707281682175, 4794851.787267511710525 ], [ 491055.327965724980459, 4794850.777700915001333 ], [ 491056.9692954866332, 4794849.769302042201161 ], [ 491058.610697120719124, 4794848.762082300148904 ], [ 491060.25217941775918, 4794847.756048183888197 ], [ 491061.586618635396007, 4794846.939208508469164 ], [ 491105.171170025714673, 4794820.72288538236171 ], [ 491286.934933016891591, 4794720.451200721785426 ], [ 491473.357386920775753, 4794631.714583795517683 ], [ 491664.754116362601053, 4794554.288422518409789 ], [ 491860.439636852417607, 4794488.45001711230725 ], [ 492059.713103442220017, 4794434.435166887938976 ], [ 492261.860821302281693, 4794392.437325758859515 ], [ 492467.269965291721746, 4794362.44466202147305 ], [ 492517.837584923137911, 4794356.983481230214238 ], [ 492519.394388935121242, 4794356.827561556361616 ], [ 492521.310157016268931, 4794356.636758883483708 ], [ 492523.22657948336564, 4794356.446949201636016 ], [ 492525.143654369690921, 4794356.258122555911541 ], [ 492527.061378046462778, 4794356.070269329473376 ], [ 492528.97975080285687, 4794355.883379219099879 ], [ 492530.898770345898811, 4794355.697442572563887 ], [ 492532.818438296613749, 4794355.512448952533305 ], [ 492534.738750303455163, 4794355.328388681635261 ], [ 492536.659704253543168, 4794355.145251773297787 ], [ 492538.581300346297212, 4794354.963028179481626 ], [ 492540.503534997813404, 4794354.781708043068647 ], [ 492542.426410957472399, 4794354.601280886679888 ], [ 492544.349923295492772, 4794354.421737045049667 ], [ 492546.274074215791188, 4794354.243066167458892 ], [ 492548.198853946523741, 4794354.065258837305009 ], [ 492550.124270063184667, 4794353.888304394669831 ], [ 492552.05031821510056, 4794353.712192795239389 ], [ 492553.976997869904153, 4794353.536914015188813 ], [ 492555.904305157018825, 4794353.362458135001361 ], [ 492557.832239370560274, 4794353.188814953900874 ], [ 492559.760801660653669, 4794353.015974275767803 ], [ 492561.689989746839274, 4794352.843925824388862 ], [ 492563.619800178857986, 4794352.672659891657531 ], [ 492565.55023586464813, 4794352.502165726386011 ], [ 492567.481289740186185, 4794352.332433831878006 ], [ 492569.412970606354065, 4794352.163453122600913 ], [ 492571.345263521594461, 4794351.995214468799531 ], [ 492573.278173020924442, 4794351.827707441523671 ], [ 492575.211707984271925, 4794351.660920736379921 ], [ 492577.145849882799666, 4794351.494845688343048 ], [ 492579.080611234065145, 4794351.329470971599221 ], [ 492581.015983974386472, 4794351.164786809124053 ], [ 492582.951969272748102, 4794351.000782921910286 ], [ 492584.888565195957199, 4794350.83744889870286 ], [ 492586.825770068739075, 4794350.674774692393839 ], [ 492588.763582773506641, 4794350.512749989517033 ], [ 492590.702004621678498, 4794350.351364282891154 ], [ 492592.641035456792451, 4794350.190607177093625 ], [ 492594.580667874310166, 4794350.030468854121864 ], [ 492596.520903397991788, 4794349.870938874781132 ], [ 492598.461746358836535, 4794349.71200643107295 ], [ 492600.403190658427775, 4794349.553661484271288 ], [ 492602.345230864651967, 4794349.395894233137369 ], [ 492604.287878833478317, 4794349.238693143241107 ], [ 492606.231120460201055, 4794349.082048891112208 ], [ 492608.174962304765359, 4794348.925950568169355 ], [ 492610.119399431336205, 4794348.770387994125485 ], [ 492612.064434527419508, 4794348.615350659936666 ], [ 492614.010065091017168, 4794348.46082806494087 ], [ 492615.956286813947372, 4794348.306810130365193 ], [ 492617.903098560404032, 4794348.153286541812122 ], [ 492619.850510607473552, 4794348.00024586264044 ], [ 492621.798511881788727, 4794347.847678426653147 ], [ 492623.747099503816571, 4794347.695573923178017 ], [ 492625.696277965151239, 4794347.543921546079218 ], [ 492627.646047367714345, 4794347.392710629850626 ], [ 492629.596398878027685, 4794347.241931391879916 ], [ 492631.547339811630081, 4794347.091572692617774 ], [ 492633.498864406370558, 4794346.941624300554395 ], [ 492635.450979024579283, 4794346.792075228877366 ], [ 492637.403671242704149, 4794346.642915725708008 ], [ 492639.35694946028525, 4794346.494134748354554 ], [ 492641.310805613116827, 4794346.345722091384232 ], [ 492643.265251012460794, 4794346.197666370309889 ], [ 492645.220264641044196, 4794346.049958541989326 ], [ 492647.175867188663688, 4794345.902586402371526 ], [ 492649.132047144987155, 4794345.755540069192648 ], [ 492651.088799307821319, 4794345.608809477649629 ], [ 492653.046128891641274, 4794345.462383362464607 ], [ 492655.004038102924824, 4794345.316250977106392 ], [ 492656.962523622263689, 4794345.170401894487441 ], [ 492658.921582378272433, 4794345.024825554341078 ], [ 492660.881203287397511, 4794344.879512259736657 ], [ 492662.841410839580931, 4794344.73444929625839 ], [ 492664.802185554988682, 4794344.589627385139465 ], [ 492666.763527710689232, 4794344.445035981945693 ], [ 492668.72544545691926, 4794344.300663537345827 ], [ 492670.687928263330832, 4794344.156500081531703 ], [ 492672.650978811201639, 4794344.012534772977233 ], [ 492674.614601746026892, 4794343.868756495416164 ], [ 492676.578786086873151, 4794343.725155188702047 ], [ 492678.543540831829887, 4794343.581719418987632 ], [ 492680.5088520302088, 4794343.43843939807266 ], [ 492682.474735522409901, 4794343.295303287915885 ], [ 492684.441180791298393, 4794343.15230093896389 ], [ 492686.408197342243511, 4794343.009420841932297 ], [ 492688.375749824626837, 4794342.866654749028385 ], [ 492690.343892314529512, 4794342.723987989127636 ], [ 492692.312570310605224, 4794342.581413483247161 ], [ 492694.28184505488025, 4794342.438915934413671 ], [ 492696.251622319861781, 4794342.29649149812758 ], [ 492698.222005325194914, 4794342.154121747240424 ], [ 492700.192936816485599, 4794342.011799835599959 ], [ 492702.164414133818354, 4794341.86951506882906 ], [ 492704.136441637238022, 4794341.727256332524121 ], [ 492706.109059324546251, 4794341.585009841248393 ], [ 492708.082190218381584, 4794341.442770022898912 ], [ 492710.055876712780446, 4794341.300523094832897 ], [ 492712.030092815635726, 4794341.158259909600019 ], [ 492714.00492808711715, 4794341.015963156707585 ], [ 493943.037494297779631, 4794252.459111890755594 ], [ 493945.012629287666641, 4794252.31679414678365 ], [ 493946.988044864207041, 4794252.174449443817139 ], [ 493948.963802111102268, 4794252.032066559419036 ], [ 493950.939897250034846, 4794251.889639001339674 ], [ 493952.916327823069878, 4794251.747160224243999 ], [ 493954.893100262153894, 4794251.604622894898057 ], [ 493956.870207826665137, 4794251.462020752951503 ], [ 493958.84765005094232, 4794251.31934708263725 ], [ 493960.825436969811562, 4794251.176594196818769 ], [ 493962.803547961520962, 4794251.033757017925382 ], [ 493964.782002208405174, 4794250.890827200375497 ], [ 493966.760784847603645, 4794250.747799139469862 ], [ 493968.73990999860689, 4794250.604664839804173 ], [ 493970.719361462222878, 4794250.461418812163174 ], [ 493972.699150380503852, 4794250.318053350783885 ], [ 493974.679270186286885, 4794250.174562145955861 ], [ 493976.659724907658529, 4794250.030938033945858 ], [ 493978.640505102346651, 4794249.887174999341369 ], [ 493980.621625243802555, 4794249.743264987133443 ], [ 493982.603068765602075, 4794249.599202516488731 ], [ 493984.584841122792568, 4794249.454980383627117 ], [ 493986.566951733024325, 4794249.310590893961489 ], [ 493988.549389976018574, 4794249.166028005070984 ], [ 493990.532149859820493, 4794249.021285451948643 ], [ 493992.515246473369189, 4794248.876355114392936 ], [ 493994.498664524930064, 4794248.731231377460063 ], [ 493996.482412424171343, 4794248.585906717926264 ], [ 493998.466485981363803, 4794248.440374601632357 ], [ 494000.450884047197178, 4794248.294628280214965 ], [ 494002.435610348707996, 4794248.148660562001169 ], [ 494004.420666197373066, 4794248.002464388497174 ], [ 494006.406034199637361, 4794247.856034413911402 ], [ 494008.391740013903473, 4794247.709361595101655 ], [ 494010.377758060407359, 4794247.562441161833704 ], [ 494012.364107017114293, 4794247.415264690294862 ], [ 494014.350777105602901, 4794247.267826040275395 ], [ 494016.337767533608712, 4794247.12011841032654 ], [ 494018.325077607529238, 4794246.972134990617633 ], [ 494020.312712331884541, 4794246.823868433013558 ], [ 494022.30066052818438, 4794246.675312803126872 ], [ 494024.288937307312153, 4794246.52645988855511 ], [ 494026.277526068675797, 4794246.377304163761437 ], [ 494028.266442758147605, 4794246.227837334387004 ], [ 494030.255665355420206, 4794246.078054379671812 ], [ 494032.245214570080861, 4794245.927946638315916 ], [ 494034.235078948142473, 4794245.777508082799613 ], [ 494036.225253203010652, 4794245.626732315868139 ], [ 494038.215751972282305, 4794245.475611122325063 ], [ 494040.206564260006417, 4794245.324138435535133 ], [ 494042.197685258695856, 4794245.172307800501585 ], [ 494044.189128749771044, 4794245.020111056044698 ], [ 494046.180878968152683, 4794244.867542594671249 ], [ 494048.172946257633157, 4794244.714594590477645 ], [ 494050.165324482019059, 4794244.561260586604476 ], [ 494052.158012358355336, 4794244.40753376763314 ], [ 494054.151010512723587, 4794244.253407141193748 ], [ 494056.144328063412104, 4794244.098872858099639 ], [ 494058.137943683716003, 4794243.943925837986171 ], [ 494060.131877473730128, 4794243.78855737298727 ], [ 494062.126113452599384, 4794243.63276186119765 ], [ 494064.120661797118373, 4794243.476531441323459 ], [ 494066.115520902327262, 4794243.319859188050032 ], [ 494068.110675506468397, 4794243.162739537656307 ], [ 494070.106145186175127, 4794243.005163783207536 ], [ 494072.101918915694114, 4794242.847125829197466 ], [ 494074.09799639711855, 4794242.688618722371757 ], [ 494076.094376987137366, 4794242.529635538347065 ], [ 494078.091065042477567, 4794242.370168843306601 ], [ 494080.088049821963068, 4794242.210212611593306 ], [ 494082.085340727993753, 4794242.049759001471102 ], [ 494084.082936719933059, 4794241.888801007531583 ], [ 494086.080827995319851, 4794241.727332512848079 ], [ 494088.079018393706065, 4794241.565346204675734 ], [ 494090.0775118964375, 4794241.402834665961564 ], [ 494092.076303493871819, 4794241.239791283383965 ], [ 494094.075392024940811, 4794241.076209143735468 ], [ 494096.074777399364393, 4794240.912081226706505 ], [ 494098.074462803313509, 4794240.747400164604187 ], [ 494100.074444118305109, 4794240.582159250043333 ], [ 494102.074713926704135, 4794240.416352185420692 ], [ 494104.075282932200935, 4794240.249970940873027 ], [ 494106.076150211680215, 4794240.08300844207406 ], [ 494108.077303817728534, 4794239.915458762086928 ], [ 494110.078749721636996, 4794239.747314341366291 ], [ 494112.080496271315496, 4794239.578567228280008 ], [ 494114.08251746679889, 4794239.409212865866721 ], [ 494116.084843464836013, 4794239.239241338334978 ], [ 494118.08745297108544, 4794239.06864748429507 ], [ 494120.090349791571498, 4794238.897423926740885 ], [ 494122.09353947424097, 4794238.725563 ], [ 494124.097005008312408, 4794238.5530592976138 ], [ 494126.100771177443676, 4794238.379903303459287 ], [ 494128.104807177442126, 4794238.206090890802443 ], [ 494130.109141916909721, 4794238.031612171791494 ], [ 494132.113755256868899, 4794237.856461890973151 ], [ 494134.118645789509173, 4794237.680633182637393 ], [ 494136.123823172296397, 4794237.504117992706597 ], [ 494138.129285634902772, 4794237.326909284107387 ], [ 494140.135019230074249, 4794237.149001351557672 ], [ 494142.141041094553657, 4794236.970385382883251 ], [ 494144.147336685738992, 4794236.791055641137064 ], [ 494144.679993842553813, 4794236.742006974294782 ], [ 494203.955276913882699, 4794231.123842199333012 ], [ 494204.985631746530998, 4794231.020798967219889 ], [ 494264.1995619139052, 4794224.789151289500296 ], [ 494265.228794437658507, 4794224.675444465130568 ], [ 494324.375022498483304, 4794217.830982117913663 ], [ 494324.906223142170347, 4794217.768070825375617 ], [ 494326.872048342251219, 4794217.529920524917543 ], [ 494328.87163730658358, 4794217.286994002759457 ], [ 494330.870812552573625, 4794217.043432733044028 ], [ 494332.869563773449045, 4794216.799245201051235 ], [ 494334.867897649121005, 4794216.554437696933746 ], [ 494336.865813094365876, 4794216.309017493389547 ], [ 494338.863308268366382, 4794216.062992 ], [ 494340.860386190528516, 4794215.816367982886732 ], [ 494342.857050129619893, 4794215.569152113981545 ], [ 494344.853292585641611, 4794215.321352562867105 ], [ 494346.84912692848593, 4794215.072974652983248 ], [ 494348.844542897946667, 4794214.824026854708791 ], [ 494350.839545715251006, 4794214.574515621177852 ], [ 494352.834131110517774, 4794214.324448689818382 ], [ 494354.828309827134944, 4794214.073831710033119 ], [ 494356.822073211544193, 4794213.822672946378589 ], [ 494358.815426725428551, 4794213.570978793315589 ], [ 494360.808370042068418, 4794213.318756389431655 ], [ 494362.800904614268802, 4794213.066012633964419 ], [ 494364.793026534374803, 4794212.812755192629993 ], [ 494366.784740455506835, 4794212.558990566059947 ], [ 494368.776052838249598, 4794212.304724900051951 ], [ 494370.766949783312157, 4794212.049967229366302 ], [ 494372.757451462326571, 4794211.794721841812134 ], [ 494374.747537651390303, 4794211.538998615927994 ], [ 494376.73722024471499, 4794211.282803089357913 ], [ 494378.726505343802273, 4794211.026141420938075 ], [ 494380.715388408687431, 4794210.769021244719625 ], [ 494382.703858363209292, 4794210.511451285332441 ], [ 494384.691933958383743, 4794210.25343603733927 ], [ 494386.679613351996522, 4794209.994982708245516 ], [ 494388.666883956466336, 4794209.736100174486637 ], [ 494390.653761289431714, 4794209.476793353445828 ], [ 494392.640234935795888, 4794209.217070765793324 ], [ 494394.626322512805928, 4794208.956936922855675 ], [ 494396.611997594882268, 4794208.696402653120458 ], [ 494398.597288194694556, 4794208.435471095144749 ], [ 494400.582179048797116, 4794208.174151384271681 ], [ 494402.566680217860267, 4794207.912449141964316 ], [ 494404.550783858518116, 4794207.650372516363859 ], [ 494406.534495226864237, 4794207.387927835807204 ], [ 494408.517809979210142, 4794207.125122799538076 ], [ 494410.50074842927279, 4794206.86196144297719 ], [ 494412.483282776316628, 4794206.598454752005637 ], [ 494414.465432408673223, 4794206.334607080556452 ], [ 494416.44719390507089, 4794206.070425889454782 ], [ 494418.428568761213683, 4794205.80591796617955 ], [ 494420.409555722319055, 4794205.541090508922935 ], [ 494422.390157876478042, 4794205.275950085371733 ], [ 494424.37037446157774, 4794205.010503808036447 ], [ 494426.350202337373048, 4794204.744759186170995 ], [ 494428.329656444722787, 4794204.478721014223993 ], [ 494430.308723982830998, 4794204.212398082017899 ], [ 494432.287403390684631, 4794203.945797721855342 ], [ 494434.265713511209469, 4794203.678924145177007 ], [ 494436.24363301723497, 4794203.411787426099181 ], [ 494438.221183642803226, 4794203.144391403533518 ], [ 494440.198346540273633, 4794202.876745789311826 ], [ 494442.175141246349085, 4794202.608854729682207 ], [ 494444.151549978880212, 4794202.340727793984115 ], [ 494446.127592839940917, 4794202.072369026951492 ], [ 494448.103256531001534, 4794201.803787284530699 ], [ 494450.078546218108386, 4794201.534988828934729 ], [ 494452.053467592399102, 4794201.265979748219252 ], [ 494454.028007680957671, 4794200.996768947690725 ], [ 494456.002190498344135, 4794200.727359822951257 ], [ 494457.975988286954816, 4794200.457763408310711 ], [ 494459.949427498271689, 4794200.187982814386487 ], [ 494461.922497023653705, 4794199.918026524595916 ], [ 494463.895199341641273, 4794199.647901128977537 ], [ 494465.867530647024978, 4794199.377614169381559 ], [ 494467.839499718218576, 4794199.107171303592622 ], [ 494469.811105102009606, 4794198.836579632014036 ], [ 494471.782340186298825, 4794198.565847115591168 ], [ 494473.753223377745599, 4794198.294977920129895 ], [ 494475.723738598753698, 4794198.02398128900677 ], [ 494477.693897589342669, 4794197.752862421795726 ], [ 494479.663686800515279, 4794197.481630280613899 ], [ 494481.633124656334985, 4794197.21028907969594 ], [ 494483.602205794013571, 4794196.938846421428025 ], [ 494485.570923696679529, 4794196.667310217395425 ], [ 494487.539289169246331, 4794196.395685792900622 ], [ 494489.507293902453966, 4794196.123981287702918 ], [ 494491.474954468605574, 4794195.852201089262962 ], [ 494493.442254755878821, 4794195.580354440025985 ], [ 494495.409198313485831, 4794195.308447806164622 ], [ 494497.375798470689915, 4794195.036486053839326 ], [ 494499.342048114282079, 4794194.764477028511465 ], [ 494501.307936905534007, 4794194.492429249919951 ], [ 494503.273491377127357, 4794194.220345615409315 ], [ 494505.238687393139116, 4794193.94823653344065 ], [ 494507.203541112074163, 4794193.676106528379023 ], [ 494509.168047489132732, 4794193.403963175602257 ], [ 494511.132208303082734, 4794193.131813083775342 ], [ 494513.09602463664487, 4794192.8596629537642 ], [ 494515.059496943373233, 4794192.587519575841725 ], [ 494517.022630963299889, 4794192.315388911403716 ], [ 494518.985418063413817, 4794192.043279100209475 ], [ 494520.947869290655944, 4794191.771195348352194 ], [ 494522.909975389018655, 4794191.49914587661624 ], [ 494524.871751040860545, 4794191.227135309018195 ], [ 494755.586420420557261, 4794159.237197054550052 ], [ 494770.912534266419243, 4794155.869197280146182 ], [ 494785.523086975619663, 4794150.145130751654506 ], [ 494799.05831825081259, 4794142.205942982807755 ], [ 494811.184945777175017, 4794132.247123125940561 ], [ 494821.604371739027556, 4794120.513890378177166 ], [ 494830.060035289090592, 4794107.29515586886555 ], [ 494836.343729927961249, 4794092.916408712975681 ], [ 494840.300730239367113, 4794077.731701385229826 ], [ 494841.833601743041072, 4794062.114931775256991 ], [ 494840.904600055248011, 4794046.450636579655111 ], [ 494837.536600280727725, 4794031.12452273350209 ], [ 494831.812533751712181, 4794016.513970024883747 ], [ 494823.873345983156469, 4794002.978738749399781 ], [ 494813.914526126696728, 4793990.85211122315377 ], [ 494802.181293378525879, 4793980.432685261592269 ], [ 494788.96255886927247, 4793971.977021710947156 ], [ 494774.583811713033356, 4793965.693327072076499 ], [ 494759.399104385171086, 4793961.736326760612428 ], [ 494743.782334775256459, 4793960.203455257229507 ], [ 494728.118039580062032, 4793961.132456945255399 ], [ 494497.403424679301679, 4793993.122387645766139 ], [ 494495.442292184568942, 4793993.394309036433697 ], [ 494493.48127746937098, 4793993.666207188740373 ], [ 494491.52069920807844, 4793993.938031268306077 ], [ 494489.560468283656519, 4793994.209786714985967 ], [ 494487.600492987257894, 4793994.481479530222714 ], [ 494485.640939648204949, 4793994.753079747781157 ], [ 494483.681649645499419, 4793995.024602637626231 ], [ 494481.722757230803836, 4793995.296022788621485 ], [ 494479.76413362234598, 4793995.567351248115301 ], [ 494477.805882491345983, 4793995.838566861115396 ], [ 494475.847966736473609, 4793996.109667957760394 ], [ 494473.890322339953855, 4793996.380656718276441 ], [ 494471.933050674269907, 4793996.651512121781707 ], [ 494469.976091166376136, 4793996.922236073762178 ], [ 494468.019460199284367, 4793997.192819315008819 ], [ 494466.063162616221234, 4793997.463254418224096 ], [ 494464.107154462428298, 4793997.733540860004723 ], [ 494462.151501494459808, 4793998.003662716597319 ], [ 494460.19616776437033, 4793998.273618061095476 ], [ 494458.241128858237062, 4793998.543403720483184 ], [ 494456.286441355536226, 4793998.813005032017827 ], [ 494454.332044137467165, 4793999.082423758693039 ], [ 494452.377980352204759, 4793999.351647090166807 ], [ 494450.424237081897445, 4793999.620670103468001 ], [ 494448.470789927698206, 4793999.889489574357867 ], [ 494446.517679114709608, 4794000.158093043603003 ], [ 494444.564876858901698, 4794000.426477702334523 ], [ 494442.612380632723216, 4794000.694637049920857 ], [ 494440.660193418967538, 4794000.962564176879823 ], [ 494438.708328581007663, 4794001.230250398628414 ], [ 494436.756767213402782, 4794001.497691618278623 ], [ 494434.805524556082673, 4794001.764879100956023 ], [ 494432.854581997904461, 4794002.031808600760996 ], [ 494430.903952610911801, 4794002.298471629619598 ], [ 494428.953618264233228, 4794002.564863937906921 ], [ 494427.003607905819081, 4794002.830975091084838 ], [ 494425.053885441680904, 4794003.096803024411201 ], [ 494423.104477406363003, 4794003.362337704747915 ], [ 494421.155373075336684, 4794003.627573723904788 ], [ 494419.20657054259209, 4794003.892504749819636 ], [ 494417.258069489325862, 4794004.157124143093824 ], [ 494415.309866344672628, 4794004.421425622887909 ], [ 494413.361964143870864, 4794004.68540230114013 ], [ 494411.414361521310639, 4794004.94904750213027 ], [ 494409.467055784829427, 4794005.212355109862983 ], [ 494407.520052576554008, 4794005.475317511707544 ], [ 494405.573347245517652, 4794005.737928885035217 ], [ 494403.626928410260007, 4794006.000183897092938 ], [ 494401.680805102630984, 4794006.262074912898242 ], [ 494399.734989421383943, 4794006.523593530058861 ], [ 494397.789455152989831, 4794006.784736552275717 ], [ 494395.844217433826998, 4794007.045495501719415 ], [ 494393.8992725382559, 4794007.305864156223834 ], [ 494391.95461661653826, 4794007.565836391411722 ], [ 494390.010248968261294, 4794007.825405698269606 ], [ 494388.066170891746879, 4794008.084565258584917 ], [ 494386.122386276314501, 4794008.34330795891583 ], [ 494384.178886271431111, 4794008.601628369651735 ], [ 494382.235671327565797, 4794008.85951991006732 ], [ 494380.292746265768073, 4794009.116975056938827 ], [ 494378.350104395474773, 4794009.373988386243582 ], [ 494376.407744625583291, 4794009.630553347058594 ], [ 494374.46567498112563, 4794009.886662292294204 ], [ 494372.523886092589237, 4794010.142309786751866 ], [ 494370.582380166335497, 4794010.397489042021334 ], [ 494368.641147955378983, 4794010.652194595895708 ], [ 494366.700208255962934, 4794010.906417631544173 ], [ 494364.759539769031107, 4794011.160154046490788 ], [ 494362.819155782519374, 4794011.413395759649575 ], [ 494360.879046885296702, 4794011.66613732278347 ], [ 494358.939221703622025, 4794011.918371164239943 ], [ 494356.999669429904316, 4794012.170091952197254 ], [ 494355.060388110461645, 4794012.421293467283249 ], [ 494353.121388381987344, 4794012.67196792177856 ], [ 494351.182669926551171, 4794012.922108591534197 ], [ 494349.244216173829045, 4794013.171711087226868 ], [ 494347.306035648391116, 4794013.420767893083394 ], [ 494345.368132935895119, 4794013.66927189938724 ], [ 494343.430503924086224, 4794013.917216897010803 ], [ 494341.493141579150688, 4794014.164597468450665 ], [ 494339.556050836632494, 4794014.411406285129488 ], [ 494337.619229984702542, 4794014.657637160271406 ], [ 494335.682679703633767, 4794014.903283492662013 ], [ 494333.746401685988531, 4794015.148338480852544 ], [ 494331.810386215278413, 4794015.39279686100781 ], [ 494329.874642657930963, 4794015.636650945991278 ], [ 494327.939163050323259, 4794015.879895261488855 ], [ 494326.003950135200284, 4794016.122522895224392 ], [ 494324.069004509656224, 4794016.364527389407158 ], [ 494322.13432002114132, 4794016.605902938172221 ], [ 494320.199904502893332, 4794016.846642090938985 ], [ 494318.265751107304823, 4794017.086739143356681 ], [ 494316.331857597280759, 4794017.32618803344667 ], [ 494314.39823213533964, 4794017.564981162548065 ], [ 494312.464865388174076, 4794017.803113265894353 ], [ 494310.531759800564032, 4794018.040577569976449 ], [ 494308.598917313385755, 4794018.277367329224944 ], [ 494306.66633240605006, 4794018.513476757332683 ], [ 494304.734011489374097, 4794018.74889865424484 ], [ 494302.801945290004369, 4794018.983627611771226 ], [ 494301.118559344671667, 4794019.187561750411987 ], [ 494242.752337542944588, 4794025.941760971210897 ], [ 494184.568228638265282, 4794032.065030717290938 ], [ 494126.074652749288362, 4794037.609104580245912 ], [ 494124.38569203770021, 4794037.760074730031192 ], [ 494122.447093403257895, 4794037.932692870497704 ], [ 494120.508094208023977, 4794038.104686899110675 ], [ 494118.568696478265338, 4794038.276063241064548 ], [ 494116.628907873760909, 4794038.446827477775514 ], [ 494114.688716339063831, 4794038.616987185552716 ], [ 494112.748133020359091, 4794038.786547924391925 ], [ 494110.807162317854818, 4794038.955515649169683 ], [ 494108.865787467104383, 4794039.123898169025779 ], [ 494106.924030340509489, 4794039.291700318455696 ], [ 494104.981871740543284, 4794039.458929911255836 ], [ 494103.039328902494162, 4794039.625592207536101 ], [ 494101.096394203312229, 4794039.791694107465446 ], [ 494099.153068572340999, 4794039.957242104224861 ], [ 494097.209360945911612, 4794040.122241880744696 ], [ 494095.265255750680808, 4794040.286701121367514 ], [ 494093.320763494935818, 4794040.450625701807439 ], [ 494091.375894659140613, 4794040.614020904526114 ], [ 494089.430631633847952, 4794040.776894871145487 ], [ 494087.484984501847066, 4794040.939253243617713 ], [ 494085.538955106399953, 4794041.101102226413786 ], [ 494083.592538510274608, 4794041.262448812834918 ], [ 494081.645739027298987, 4794041.423299234360456 ], [ 494079.698562380974181, 4794041.583659385330975 ], [ 494077.750999676936772, 4794041.743536502122879 ], [ 494075.803054252639413, 4794041.902936882339418 ], [ 494073.854731045721564, 4794042.061866621486843 ], [ 494071.906024322845042, 4794042.220332679338753 ], [ 494069.956946195336059, 4794042.378340574912727 ], [ 494068.007477259612642, 4794042.53589847125113 ], [ 494066.057642410916742, 4794042.69301086012274 ], [ 494064.107422010740265, 4794042.849685744382441 ], [ 494062.156830556225032, 4794043.005928555503488 ], [ 494060.205863330513239, 4794043.161746286787093 ], [ 494058.254511654784437, 4794043.317146045155823 ], [ 494056.30279679101659, 4794043.472132755443454 ], [ 494054.350697519141249, 4794043.626714628189802 ], [ 494052.398235711269081, 4794043.780896455049515 ], [ 494050.445392783905845, 4794043.934686226770282 ], [ 494048.49217298993608, 4794044.088090337812901 ], [ 494046.538594659126829, 4794044.241113685071468 ], [ 494044.584636495332234, 4794044.393764565698802 ], [ 494042.630310936074238, 4794044.546048657037318 ], [ 494040.675614049076103, 4794044.697972706519067 ], [ 494038.720544661220629, 4794044.849543550983071 ], [ 494036.765115537389647, 4794045.000766541808844 ], [ 494034.809306303097401, 4794045.151650008745492 ], [ 494032.853133291297127, 4794045.302199257537723 ], [ 494030.896598792693112, 4794045.452420654706657 ], [ 494028.939689202350564, 4794045.602321807295084 ], [ 494026.982419688894879, 4794045.75190822687 ], [ 494025.024784563516732, 4794045.901186810806394 ], [ 494023.066784008522518, 4794046.050164309330285 ], [ 494021.108422629418783, 4794046.198846858926117 ], [ 494019.14968503837008, 4794046.347242195159197 ], [ 494017.190591621794738, 4794046.495355553925037 ], [ 494015.231141062744427, 4794046.643193520605564 ], [ 494013.271320863685105, 4794046.790763617493212 ], [ 494011.311141054902691, 4794046.938071887940168 ], [ 494009.350606467050966, 4794047.085124352015555 ], [ 494007.389698479091749, 4794047.231929214671254 ], [ 494005.428440320305526, 4794047.378491222858429 ], [ 494003.466818438842893, 4794047.524818196892738 ], [ 494001.504843123489991, 4794047.670915871858597 ], [ 493999.542499824950937, 4794047.816792045719922 ], [ 493997.579807071830146, 4794047.962451947852969 ], [ 493995.61675401503453, 4794048.107903 ], [ 493993.653338070376776, 4794048.253152016550303 ], [ 493991.689579363213852, 4794048.398204317316413 ], [ 493989.725455815205351, 4794048.543067969381809 ], [ 493987.760971405950841, 4794048.687749609351158 ], [ 493985.796148167166393, 4794048.832254031673074 ], [ 493983.830952994409017, 4794048.976590428501368 ], [ 493981.865415944543201, 4794049.120763309299946 ], [ 493979.899528125592042, 4794049.264779971912503 ], [ 493977.933270504930988, 4794049.408648466691375 ], [ 493975.966670859139413, 4794049.552373493090272 ], [ 493973.99972717941273, 4794049.6959617594257 ], [ 493972.03242462297203, 4794049.839421207085252 ], [ 493970.064761178335175, 4794049.982758530415595 ], [ 493968.09676489199046, 4794050.125978350639343 ], [ 493966.128409974917304, 4794050.269089411944151 ], [ 493964.159711238055024, 4794050.412097312510014 ], [ 493962.190656381542794, 4794050.555009501054883 ], [ 493960.221261207014322, 4794050.697831714525819 ], [ 493958.251515447394922, 4794050.840571284294128 ], [ 493956.281399038329255, 4794050.983236430212855 ], [ 493954.310970807098784, 4794051.125829575583339 ], [ 493952.340189138019923, 4794051.268360541202128 ], [ 493950.369044460763689, 4794051.410836594179273 ], [ 493948.39758014905965, 4794051.553261494264007 ], [ 493946.425733234849758, 4794051.695646398700774 ], [ 493944.453580149856862, 4794051.837992682121694 ], [ 493942.481068300374318, 4794051.980310651473701 ], [ 493940.508190350607038, 4794052.122607747092843 ], [ 493938.535041866649408, 4794052.26488378085196 ], [ 493936.561457286123186, 4794052.407157402485609 ], [ 493934.587599210848566, 4794052.549423729069531 ], [ 493932.61334200121928, 4794052.691698515787721 ], [ 493930.638676132482942, 4794052.833989197388291 ], [ 493928.663878212333657, 4794052.976282653398812 ], [ 492699.631281602487434, 4794141.533136109821498 ], [ 492697.656116313068196, 4794141.675456642173231 ], [ 492695.680484410608187, 4794141.817821849137545 ], [ 492693.7043080215808, 4794141.960248222574592 ], [ 492691.727579187427182, 4794142.102747396565974 ], [ 492689.750312960124575, 4794142.245329071767628 ], [ 492687.772489849361591, 4794142.388005855493248 ], [ 492685.79412129719276, 4794142.530787918716669 ], [ 492683.815212708432227, 4794142.673685785382986 ], [ 492681.835760109359398, 4794142.816710760816932 ], [ 492679.855758881254587, 4794142.959874315187335 ], [ 492677.875210300495382, 4794143.103187490254641 ], [ 492675.894130030588713, 4794143.246660002507269 ], [ 492673.912508349807467, 4794143.390303621999919 ], [ 492671.9303370306734, 4794143.53413020260632 ], [ 492669.94763078156393, 4794143.678149667568505 ], [ 492667.964386523235589, 4794143.822373315691948 ], [ 492665.980604357668199, 4794143.966812238097191 ], [ 492663.996279857179616, 4794144.11147797293961 ], [ 492662.011425018718001, 4794144.25638064276427 ], [ 492660.026034063019324, 4794144.401531810872257 ], [ 492658.040108907211106, 4794144.546942465938628 ], [ 492656.053645395440981, 4794144.692624148912728 ], [ 492654.066648486768827, 4794144.838587663136423 ], [ 492652.079125053598545, 4794144.98484355583787 ], [ 492650.091070492693689, 4794145.131403334438801 ], [ 492648.102474974642973, 4794145.278279120102525 ], [ 492646.11336036096327, 4794145.425480285659432 ], [ 492644.123717079637572, 4794145.57301873806864 ], [ 492642.133536320645362, 4794145.720906533300877 ], [ 492640.142838088388089, 4794145.869153222069144 ], [ 492638.151608988235239, 4794146.017771125771105 ], [ 492636.159855077334214, 4794146.166771025396883 ], [ 492634.167581577494275, 4794146.316163683310151 ], [ 492632.174774357757997, 4794146.465961625799537 ], [ 492630.18145491235191, 4794146.616174303926528 ], [ 492628.187608735694084, 4794146.766814188100398 ], [ 492626.193241887260228, 4794146.917892108671367 ], [ 492624.198355207685381, 4794147.069419302977622 ], [ 492622.202954479551408, 4794147.221406539902091 ], [ 492620.207025665033143, 4794147.373866410925984 ], [ 492618.210590094153304, 4794147.526808409951627 ], [ 492616.21363324765116, 4794147.680245087482035 ], [ 492614.216165875026491, 4794147.834186874330044 ], [ 492612.218179575109389, 4794147.98864586930722 ], [ 492610.219679949164856, 4794148.14363300986588 ], [ 492608.220673067087773, 4794148.299159102141857 ], [ 492606.221149668621365, 4794148.455236356705427 ], [ 492604.221120796282776, 4794148.611875214613974 ], [ 492602.220582820475101, 4794148.769087360240519 ], [ 492600.219536177464761, 4794148.926884185522795 ], [ 492598.217977066233288, 4794149.085277521982789 ], [ 492596.21591719641583, 4794149.244277771562338 ], [ 492594.213356529013254, 4794149.403896291740239 ], [ 492592.21028144354932, 4794149.564145832322538 ], [ 492590.206713182618842, 4794149.72503596637398 ], [ 492588.202637933893129, 4794149.886579373851418 ], [ 492586.198066522716545, 4794150.048786574974656 ], [ 492584.192995074787177, 4794150.211669380776584 ], [ 492582.187419033434708, 4794150.375239788554609 ], [ 492580.181355833658017, 4794150.539507685229182 ], [ 492578.174790849850979, 4794150.704485894180834 ], [ 492576.167729461332783, 4794150.870185537263751 ], [ 492574.160179411177523, 4794151.036617408506572 ], [ 492572.152135427517351, 4794151.20379351824522 ], [ 492570.143599306698889, 4794151.371725290082395 ], [ 492568.134572390292305, 4794151.540424190461636 ], [ 492566.125055081793107, 4794151.709901793859899 ], [ 492564.115059382806066, 4794151.880168484523892 ], [ 492562.104566127003636, 4794152.051237700507045 ], [ 492560.09359655046137, 4794152.223119067959487 ], [ 492558.0821366472519, 4794152.395825523883104 ], [ 492556.070198414265178, 4794152.569367577321827 ], [ 492554.057782016054261, 4794152.743756784126163 ], [ 492552.044874356128275, 4794152.919006148353219 ], [ 492550.031502083176747, 4794153.09512472525239 ], [ 492548.01764553191606, 4794153.272126031108201 ], [ 492546.003311782318633, 4794153.450021145865321 ], [ 492543.988511685514823, 4794153.62882062792778 ], [ 492541.973227126523852, 4794153.808537998236716 ], [ 492539.957483453385066, 4794153.989182451739907 ], [ 492537.941257992584724, 4794154.170767954550683 ], [ 492535.924571451614611, 4794154.353304214775562 ], [ 492533.907416143047158, 4794154.536803677678108 ], [ 492531.88979260349879, 4794154.721278083510697 ], [ 492529.871712212741841, 4794154.906737987883389 ], [ 492527.853156841767486, 4794155.093197057023644 ], [ 492525.834152594208717, 4794155.280664403922856 ], [ 492523.814681816031225, 4794155.469153570942581 ], [ 492521.794754673785064, 4794155.658675365149975 ], [ 492519.774373293446843, 4794155.849241333082318 ], [ 492517.753534213232342, 4794156.040863659232855 ], [ 492515.732239497068804, 4794156.233554012142122 ], [ 492513.710499266977422, 4794156.427323126234114 ], [ 492511.68830637075007, 4794156.622183567844331 ], [ 492509.66566666768631, 4794156.818146587349474 ], [ 492507.642572054988705, 4794157.015224991366267 ], [ 492505.61904454609612, 4794157.213428257033229 ], [ 492503.595065017521847, 4794157.412770296446979 ], [ 492501.570650141511578, 4794157.613261235877872 ], [ 492499.545792248682119, 4794157.814913786947727 ], [ 492497.520497763820458, 4794158.017739186063409 ], [ 492496.748688353924081, 4794158.098064522258937 ], [ 492443.935465008311439, 4794163.801765091717243 ], [ 492440.22456886107102, 4794164.27290334738791 ], [ 492230.002178389462642, 4794194.968369698151946 ], [ 492224.108945732936263, 4794196.009838814847171 ], [ 492016.099172672256827, 4794239.225569839589298 ], [ 492010.278792356373742, 4794240.617699603550136 ], [ 491805.226620604516938, 4794296.198919395916164 ], [ 491799.499938758031931, 4794297.936723790131509 ], [ 491598.139759601966944, 4794365.684368452988565 ], [ 491592.527285976393614, 4794367.761623615399003 ], [ 491395.580267874582205, 4794447.433055991306901 ], [ 491390.102103303477634, 4794449.842322341166437 ], [ 491198.27360905270325, 4794541.152200809679925 ], [ 491192.949373773415573, 4794543.884849481284618 ], [ 491006.926434262830298, 4794646.506148817017674 ], [ 491003.685452258272562, 4794648.373970405198634 ], [ 490958.1654014075757, 4794675.754506025463343 ], [ 490957.50200559233781, 4794676.157055269926786 ], [ 490955.81309879233595, 4794677.190872369334102 ], [ 490954.077669457241427, 4794678.254467001184821 ], [ 490952.343286930350587, 4794679.318725435063243 ], [ 490950.609955874679144, 4794680.383630799129605 ], [ 490948.87766457820544, 4794681.449176440015435 ], [ 490947.146411956578959, 4794682.515349054709077 ], [ 490945.416188966599293, 4794683.582140342332423 ], [ 490943.686985904176254, 4794684.649542533792555 ], [ 490941.958799663872924, 4794685.717543735168874 ], [ 490940.23163638683036, 4794686.786126007325947 ], [ 490938.505467570153996, 4794687.85529347229749 ], [ 490936.780312312883325, 4794688.925020122900605 ], [ 490935.056139885971788, 4794689.995311514474452 ], [ 490933.332967426511459, 4794691.066142903640866 ], [ 490931.610772818967234, 4794692.137514361180365 ], [ 490929.889554719557054, 4794693.209412957541645 ], [ 490928.169316106010228, 4794694.281822822988033 ], [ 490926.450040862371679, 4794695.354740274138749 ], [ 490924.731721780903172, 4794696.428156142123044 ], [ 490923.014361128152814, 4794697.502055117860436 ], [ 490921.297949899162631, 4794698.576429029926658 ], [ 490919.582478084135801, 4794699.651270464994013 ], [ 490917.867949902953114, 4794700.726562831550837 ], [ 490916.154344929032959, 4794701.802305398508906 ], [ 490914.441673502675258, 4794702.878477695398033 ], [ 490912.729912671260536, 4794703.955080640502274 ], [ 490911.019071382237598, 4794705.032094706781209 ], [ 490909.30913781147683, 4794706.109513593837619 ], [ 490907.600105185236316, 4794707.187327869236469 ], [ 490905.89196494751377, 4794708.265529308468103 ], [ 490904.184720498800743, 4794709.34410188999027 ], [ 490902.478355688333977, 4794710.423042232170701 ], [ 490900.772873440291733, 4794711.502334665507078 ], [ 490899.068255409656558, 4794712.58197733014822 ], [ 490897.364511591265909, 4794713.661949993111193 ], [ 490895.661625926499255, 4794714.742249213159084 ], [ 490893.959589541482273, 4794715.822867094539106 ], [ 490892.258411086455453, 4794716.903784218244255 ], [ 490890.558065439399797, 4794717.985003158450127 ], [ 490888.858559529995546, 4794719.066505776718259 ], [ 490887.159886570298113, 4794720.148282684385777 ], [ 490885.462034258933272, 4794721.230328190140426 ], [ 490883.765002466854639, 4794722.312628698535264 ], [ 490882.068783173745032, 4794723.395175711251795 ], [ 490880.373369151318911, 4794724.477960270829499 ], [ 490878.678758565743919, 4794725.560969866812229 ], [ 490876.984936729131732, 4794726.644200457260013 ], [ 490875.29190651839599, 4794727.72763653844595 ], [ 490873.599660955835134, 4794728.811268937774003 ], [ 490871.908186918939464, 4794729.895092631690204 ], [ 490870.217490114329848, 4794730.979090217500925 ], [ 490868.527549064427149, 4794732.063262159004807 ], [ 490866.838372391124722, 4794733.14758922252804 ], [ 490865.149946062068921, 4794734.232066933996975 ], [ 490863.462269781739451, 4794735.316681860014796 ], [ 490861.775323937705252, 4794736.401433368213475 ], [ 490860.089119075448252, 4794737.486300989985466 ], [ 490858.403645540995058, 4794738.571277341805398 ], [ 490856.718887010589242, 4794739.656359651125968 ], [ 490855.03485006664414, 4794740.741530046798289 ], [ 490853.351518341689371, 4794741.826785743236542 ], [ 490851.668892526708078, 4794742.912112782709301 ], [ 490849.986968996294308, 4794743.99749992787838 ], [ 490848.305731325235683, 4794745.082944506779313 ], [ 490846.625180521223228, 4794746.168432413600385 ], [ 490844.945313660020474, 4794747.253951991908252 ], [ 490843.266113322635647, 4794748.339501289650798 ], [ 490841.587588613736443, 4794749.425060793757439 ], [ 490839.909716997528449, 4794750.510631922632456 ], [ 490838.232506549684331, 4794751.596195912919939 ], [ 490836.555948809080292, 4794752.681744770146906 ], [ 490834.880028475774452, 4794753.767275204882026 ], [ 490833.204747614101507, 4794754.852772468701005 ], [ 490831.530097601411399, 4794755.938228813931346 ], [ 490829.856070529203862, 4794757.023636097088456 ], [ 490828.182670431036968, 4794758.108978155069053 ], [ 490826.509875205811113, 4794759.194256240502 ], [ 490824.837691347696818, 4794760.27945271320641 ], [ 490823.166109772457276, 4794761.364560137502849 ], [ 490821.495118088263553, 4794762.44957341440022 ], [ 490819.82472447573673, 4794763.53447369672358 ], [ 490818.154904189519584, 4794764.619264059700072 ], [ 490816.48566069197841, 4794765.703929004259408 ], [ 490814.81699818134075, 4794766.788452263921499 ], [ 490813.148893445672002, 4794767.872835889458656 ], [ 490811.481349318928551, 4794768.95706475712359 ], [ 490809.814356672111899, 4794770.041131623089314 ], [ 490808.147909277351573, 4794771.125027374364436 ], [ 490806.482008377730381, 4794772.208737839944661 ], [ 490804.816638221032917, 4794773.292260194197297 ], [ 490803.151795483776368, 4794774.375583458691835 ], [ 490801.487480746640358, 4794775.458693938329816 ], [ 490799.823679148277733, 4794776.541588246822357 ], [ 490798.160384260118008, 4794777.624257539398968 ], [ 490796.497602117829956, 4794778.706684521399438 ], [ 490794.835314634838142, 4794779.788867956027389 ], [ 490793.173521998454817, 4794780.870794544927776 ], [ 490791.512212153756991, 4794781.952459143474698 ], [ 490789.851388711424079, 4794783.033846149221063 ], [ 490788.191032669798005, 4794784.114955060184002 ], [ 490786.531149694870692, 4794785.195768993347883 ], [ 488064.698577093833592, 4796557.489643575623631 ], [ 488063.03908228315413, 4796558.570209064520895 ], [ 488061.37920498783933, 4796559.651036713272333 ], [ 488059.718880583823193, 4796560.732181554660201 ], [ 488058.058109299978241, 4796561.813656568527222 ], [ 488056.396897130354773, 4796562.895470990799367 ], [ 488054.73525583895389, 4796563.97763014677912 ], [ 488053.073185606277548, 4796565.060147081501782 ], [ 488051.410693848039955, 4796566.143030101433396 ], [ 488049.747791918576695, 4796567.226284801028669 ], [ 488048.084474438917823, 4796568.309928012080491 ], [ 488046.420758002030198, 4796569.39396196603775 ], [ 488044.756642766005825, 4796570.478399774990976 ], [ 488043.092136813851539, 4796571.563249343074858 ], [ 488041.427247733459808, 4796572.648518860340118 ], [ 488039.761979098024312, 4796573.734219219535589 ], [ 488038.09633818466682, 4796574.820358872413635 ], [ 488036.430330748145934, 4796575.906947281211615 ], [ 488034.76395858178148, 4796576.993996627628803 ], [ 488033.097236917179544, 4796578.081510077230632 ], [ 488031.430167245445773, 4796579.169499900192022 ], [ 488029.762754437921103, 4796580.257976206950843 ], [ 488028.094999901601113, 4796581.346951516345143 ], [ 488026.426924902247265, 4796582.436424958519638 ], [ 488024.758517054957338, 4796583.526418175548315 ], [ 488023.089797505992465, 4796584.616930493153632 ], [ 488021.420761852466967, 4796585.707978240214288 ], [ 488019.751422125904355, 4796586.799566846340895 ], [ 488018.081784566864371, 4796587.891705537214875 ], [ 488016.411852906923741, 4796588.984405258670449 ], [ 488014.741630925098434, 4796590.077677003107965 ], [ 488013.071132098324597, 4796591.171525225974619 ], [ 488011.400358707644045, 4796592.265961823984981 ], [ 488009.729318287514616, 4796593.360995230264962 ], [ 488008.058006693434436, 4796594.456641841679811 ], [ 488006.386448728677351, 4796595.552898560650647 ], [ 488004.71463637665147, 4796596.649784215725958 ], [ 488003.042577430140227, 4796597.747307246550918 ], [ 488001.370288402831648, 4796598.845470081083477 ], [ 487999.697765134857036, 4796599.944289024919271 ], [ 487998.02501497726189, 4796601.043772809207439 ], [ 487996.352049077919219, 4796602.14392753969878 ], [ 487994.678869906987529, 4796603.244765144772828 ], [ 487993.005481930391397, 4796604.346296311356127 ], [ 487991.331897865456995, 4796605.448526117019355 ], [ 487989.658118700259365, 4796606.551467527635396 ], [ 487987.984154094068799, 4796607.655127712525427 ], [ 487986.310005609353539, 4796608.759519327431917 ], [ 487984.635691485891584, 4796609.864643696695566 ], [ 487982.961196950811427, 4796610.970524545758963 ], [ 487981.286547102557961, 4796612.077158762142062 ], [ 487979.611744987312704, 4796613.184557891450822 ], [ 487977.936790992156602, 4796614.292735426686704 ], [ 487976.261691554216668, 4796615.401700876653194 ], [ 487974.586462653649505, 4796616.5114571666345 ], [ 487972.911101077508647, 4796617.622020213864744 ], [ 487971.235617066326085, 4796618.733396932482719 ], [ 487969.560016967938282, 4796619.845596829429269 ], [ 487967.884307221684139, 4796620.958629360422492 ], [ 487966.20848874776857, 4796622.0725078266114 ], [ 487964.53258075384656, 4796623.187233021482825 ], [ 487962.856581457599532, 4796624.302819930016994 ], [ 487961.180494167434517, 4796625.419280271045864 ], [ 487959.50433568743756, 4796626.536616487428546 ], [ 487957.828096574579831, 4796627.654848986305296 ], [ 487956.15180530998623, 4796628.773972268216312 ], [ 487954.475446428754367, 4796629.89401079621166 ], [ 487952.799044143466745, 4796631.014962054789066 ], [ 487951.122594394197222, 4796632.136842725798488 ], [ 487949.446107484924141, 4796633.259659804403782 ], [ 487947.769586614449508, 4796634.383425149135292 ], [ 487946.093047598027624, 4796635.508141913451254 ], [ 487944.416485706868116, 4796636.633827360346913 ], [ 487942.7399179826607, 4796637.760483862832189 ], [ 487941.063343000249006, 4796638.888126439414918 ], [ 487939.386771043762565, 4796640.016762151382864 ], [ 487937.710206717252731, 4796641.146401954814792 ], [ 487936.033665710303467, 4796642.277049087919295 ], [ 487934.357137723302003, 4796643.408724813722074 ], [ 487932.68064918264281, 4796644.541425068862736 ], [ 487931.004190738487523, 4796645.675170416943729 ], [ 487929.327777173777577, 4796646.809964903630316 ], [ 487927.651415543572512, 4796647.945817800238729 ], [ 487925.975110368919559, 4796649.082740174606442 ], [ 487924.29887191101443, 4796650.220739112235606 ], [ 487922.622702518536244, 4796651.359827217645943 ], [ 487920.946611439692788, 4796652.500012355856597 ], [ 487919.270605676225387, 4796653.641303922981024 ], [ 487917.59469217172591, 4796654.783711370080709 ], [ 487915.918875462783035, 4796655.92724586930126 ], [ 487914.243165104708169, 4796657.07191511336714 ], [ 487912.567574747314211, 4796658.217723798006773 ], [ 487910.892094404436648, 4796659.364693298004568 ], [ 487909.216747144295368, 4796660.512821923010051 ], [ 487907.541533059382346, 4796661.662123914808035 ], [ 487905.866464038204867, 4796662.812605303712189 ], [ 487904.191536594764329, 4796663.964283002540469 ], [ 487902.516769567737356, 4796665.117158255539834 ], [ 487900.842166604939848, 4796666.271242854185402 ], [ 487899.167729098640848, 4796667.426550335250795 ], [ 487897.493472286383621, 4796668.583084472455084 ], [ 487895.819397690065671, 4796669.740858670324087 ], [ 487895.214554089820012, 4796670.162474174983799 ], [ 487853.996363434649538, 4796699.120609626173973 ], [ 487853.005423758702818, 4796699.825840918347239 ], [ 487823.817489997600205, 4796720.866862205788493 ], [ 487822.998309006390627, 4796721.463726098649204 ], [ 487794.025135149713606, 4796742.79950004350394 ], [ 487793.21204556664452, 4796743.404636188410223 ], [ 487764.456608049455099, 4796765.032971044071019 ], [ 487763.649693796876818, 4796765.646316980011761 ], [ 487735.114946673158556, 4796787.564990733750165 ], [ 487734.314290261710994, 4796788.186483741737902 ], [ 487706.003164917696267, 4796810.393244768492877 ], [ 487705.208849049638957, 4796811.022820648737252 ], [ 487677.124253890884575, 4796833.515387472696602 ], [ 487676.336359252454713, 4796834.152982282452285 ], [ 487648.481179438589606, 4796856.929044586606324 ], [ 487647.544297198532149, 4796857.70464994572103 ], [ 487637.564796574180946, 4796866.069059605710208 ], [ 487626.366528287937399, 4796877.061419474892318 ], [ 487617.025713202368934, 4796889.670240261591971 ], [ 487609.772353185340762, 4796903.585050952620804 ], [ 487604.785050032893196, 4796918.463222727179527 ], [ 487602.186607700539753, 4796933.938405619002879 ], [ 487602.041008462372702, 4796949.629549266770482 ], [ 487604.35183745471295, 4796965.150285636074841 ], [ 487609.062194398604333, 4796980.118442689068615 ], [ 487616.056094673345797, 4796994.165454722009599 ], [ 487625.161325242777821, 4797006.945437679067254 ], [ 487636.153685111668892, 4797018.143705965019763 ], [ 487648.76250589848496, 4797027.484521050006151 ], [ 487662.677316589280963, 4797034.737881067208946 ], [ 487677.555488364130724, 4797039.725184219889343 ], [ 487693.030671256186906, 4797042.323626552708447 ], [ 487708.721814903488848, 4797042.469225790351629 ], [ 487724.242551273433492, 4797040.158396798186004 ], [ 487739.210708326252643, 4797035.448039853945374 ], [ 487753.257720358844381, 4797028.454139579087496 ], [ 487766.037703315610997, 4797019.348909010179341 ], [ 487775.551121229189448, 4797011.375150834210217 ], [ 487802.54316981456941, 4796989.304836285300553 ], [ 487829.836639430723153, 4796967.4458710514009 ] ] ] ] } }
]
}
